"Time (s)","Radial Position (mm)","Radial Velocity (mm/s)","Radial Deflection (deg)","Slew Position (deg)","Slew Velocity (deg/s)","Tangential Deflection (deg)"
0,812,0,1.7,29,0,-1.7
0.04,812,0,1.7,29,0.01,-1.7
0.08,812,0,1.7,29,0.02,-1.7
0.12,812,-0.01,1.7,29,0,-1.7
0.16,812,0,1.7,29,0,-1.7
0.2,812,0.02,1.7,29,0,-1.7
0.24,812,-0.01,1.7,29,0.02,-1.7
0.28,812,0,1.7,29,-0.01,-1.7
0.32,812,0.01,1.7,29,0.01,-1.7
0.36,812,-0.02,1.7,29,0.01,-1.7
0.4,812,0,1.7,29,0.01,-1.7
0.44,812,0.01,1.7,29,0.01,-1.7
0.48,812,0,1.7,29,0.01,-1.7
0.52,812,0.01,1.7,29,0.01,-1.7
0.56,812,0,1.7,29,0,-1.7
0.6,812,-0.01,1.7,29,-0.01,-1.7
0.64,812,0.02,1.7,29,0.01,-1.7
0.68,812,-0.02,1.7,29,0.01,-1.7
0.72,812,-0.01,1.7,29,0.01,-1.7
0.76,812,0.02,1.7,29,0.02,-1.7
0.8,812,0,1.7,29,-0.01,-1.7
0.84,812,-0.01,1.7,29,0.02,-1.7
0.88,812,0.01,1.7,29,-0.01,-1.7
0.92,812,-0.01,1.7,29,0.01,-1.7
0.96,812,0,1.7,29,0.01,-1.7
1,812,0.01,1.7,29,0.01,-1.7
1.04,812,-0.01,1.7,29,-0.02,-1.7
1.08,812,0,1.7,29,-0.01,-1.7
1.12,812,0,1.7,29,0.01,-1.7
1.16,812,-0.01,1.7,29,0.01,-1.7
1.2,812,0,1.7,29,0,-1.7
1.24,812,0,1.7,29,0.02,-1.7
1.28,812,-0.01,1.7,29,0.02,-1.7
1.32,812,0.01,1.7,29,0.01,-1.7
1.36,812,0,1.7,29,-0.01,-1.7
1.4,812,0,1.7,29,0.02,-1.7
1.44,812,0.02,1.7,29,-0.02,-1.7
1.48,812,-0.02,1.7,29,0.02,-1.7
1.52,812,-0.01,1.7,29,0.01,-1.7
1.56,812,0.04,1.7,29,-0.01,-1.7
1.6,812,-0.02,1.7,29,0.01,-1.62
1.64,812,-0.01,1.7,29,-0.01,-1.62
1.68,812,0,1.7,29,-0.02,-1.62
1.72,812,-0.03,1.7,29,0.01,-1.54
1.76,812,-0.01,1.7,29,-0.01,-1.54
1.8,812,0.03,1.62,29,0.01,-1.54
1.84,812,-0.02,1.62,29,0.01,-1.46
1.88,812,0.05,1.62,29,-0.01,-1.46
1.92,812,0.02,1.62,29,0.01,-1.39
1.96,812,-0.02,1.62,29,0.03,-1.39
2,812,0.02,1.62,29,-0.02,-1.39
2.04,812,-0.01,1.62,29,-0.01,-1.31
2.08,812,-0.01,1.62,29,0.02,-1.31
2.12,812,0.03,1.62,29,-0.02,-1.31
2.16,812,-0.01,1.62,29,0.03,-1.23
2.2,812,0,1.62,29,-0.03,-1.23
2.24,812,0.04,1.62,29,0,-1.23
2.28,812,-0.01,1.62,29,0.03,-1.16
2.32,812,-0.02,1.62,29,0.01,-1.16
2.36,812,0.04,1.54,29,0.01,-1.16
2.4,812,-0.02,1.54,29,0.02,-1.08
2.44,812,0.01,1.54,29,-0.01,-1.08
2.48,812,0.01,1.54,29,0.02,-1.08
2.52,812,-0.03,1.54,29,0.01,-1.08
2.56,812,0.03,1.54,29,-0.02,-1
2.6,812,-0.01,1.54,29,0.01,-1
2.64,812,-0.04,1.54,29,-0.01,-1
2.68,812,0.02,1.54,29,-0.02,-0.93
2.72,812,-0.01,1.54,29,0.01,-0.93
2.76,812,-0.02,1.54,29,0,-0.93
2.8,812,0.04,1.54,29,-0.01,-0.85
2.84,812,-0.02,1.54,29,-0.01,-0.85
2.88,812,-0.02,1.54,29,-0.01,-0.85
2.92,812,0.02,1.54,29,-0.01,-0.77
2.96,812,-0.04,1.54,29,0.01,-0.77
3,812,-0.01,1.46,29,0.01,-0.77
3.04,812,0.02,1.46,29,-0.01,-0.77
3.08,812,-0.02,1.46,29,-0.01,-0.69
3.12,812,0.02,1.46,29,0,-0.69
3.16,812,0,1.46,29,0.01,-0.69
3.2,812,-0.02,1.46,29,0,-0.62
3.24,812,0.01,1.46,29,-0.01,-0.62
3.28,812,-0.02,1.46,29,-0.02,-0.62
3.32,812,-0.03,1.46,29,0,-0.62
3.36,812,0.03,1.46,29,-0.02,-0.54
3.4,812,0,1.46,29,0.01,-0.54
3.44,812,-0.02,1.46,29,0.01,-0.54
3.48,812,0.02,1.46,29,-0.01,-0.46
3.52,812,-0.02,1.46,29,0,-0.46
3.56,812,-0.02,1.46,29,-0.02,-0.46
3.6,812,0.05,1.46,29,-0.02,-0.46
3.64,812,-0.02,1.46,29,0.02,-0.39
3.68,812,0,1.46,29,0.01,-0.39
3.72,812,0.03,1.46,29,-0.01,-0.39
3.76,812,-0.02,1.46,29,0.02,-0.31
3.8,812,-0.03,1.46,29,-0.01,-0.31
3.84,812,0,1.39,29,-0.01,-0.31
3.88,812,-0.02,1.39,29,0.02,-0.31
3.92,812,0.02,1.39,29,-0.01,-0.23
3.96,812,0.01,1.39,29,0.01,-0.23
4,812,-0.02,1.39,29,-0.01,-0.23
4.04,812,0.04,1.39,29,-0.04,-0.15
4.08,812,-0.01,1.39,29,0.01,-0.15
4.12,812,-0.03,1.39,29,-0.01,-0.15
4.16,812,0.04,1.39,29,-0.02,-0.15
4.2,812,-0.02,1.39,29,0.02,-0.08
4.24,812,-0.02,1.39,29,-0.02,-0.08
4.28,812,0.04,1.39,29,0.01,-0.08
4.32,812,-0.04,1.39,29,0.01,0
4.36,812,0.02,1.39,29,-0.03,0
4.4,812,0.01,1.39,29,0.03,0
4.44,812,-0.03,1.39,29,0.02,0.08
4.48,812,0.02,1.39,29,0.02,0.08
4.52,812,0.02,1.39,29,-0.01,0.08
4.56,812,-0.02,1.39,29,-0.02,0.15
4.6,812,0.03,1.39,29,-0.22,0.15
4.64,812,-0.01,1.39,29,-0.63,0.15
4.68,812,-0.02,1.39,29,-0.96,0.15
4.72,812,0.04,1.39,29,-1.08,0.23
4.76,812,-0.04,1.39,29,-1.03,0.23
4.8,812,-0.02,1.39,29,-1.16,0.23
4.84,812,0.04,1.39,29,-1.17,0.31
4.88,812,-0.01,1.39,29,-1.16,0.31
4.92,812,0.01,1.39,29,-1.16,0.31
4.96,812,0.03,1.39,29,-1.18,0.39
5,812,-0.02,1.39,29,-1.2,0.39
5.04,812,-0.02,1.39,29,-1.2,0.39
5.08,812,0,1.39,29,-1.22,0.46
5.12,812,-0.01,1.39,29,-1.21,0.46
5.16,812,0.01,1.39,29,-1.21,0.46
5.2,812,0.02,1.39,29,-1.22,0.54
5.24,812,-0.04,1.39,29,-1.37,0.54
5.28,812,0.04,1.39,30,-2.05,0.62
5.32,812,-0.01,1.39,30,-2.76,0.62
5.36,812,0,1.39,30,-3.31,0.62
5.4,812,0.04,1.39,30,-3.67,0.69
5.44,812,-0.02,1.39,30,-3.89,0.69
5.48,812,0.01,1.39,30,-3.92,0.77
5.52,812,0.06,1.39,30,-3.93,0.77
5.56,812,-0.03,1.39,30,-3.87,0.77
5.6,812,-0.02,1.39,31,-3.82,0.85
5.64,812,0.04,1.46,31,-3.78,0.85
5.68,812,-0.04,1.46,31,-4.02,0.93
5.72,812,0.02,1.46,31,-4.43,0.93
5.76,812,0.02,1.46,31,-4.94,0.93
5.8,812,-0.03,1.46,32,-5.92,1
5.84,812,0.02,1.46,32,-6.4,1
5.88,812,0.02,1.46,32,-6.83,1.08
5.92,812,-0.02,1.46,32,-7.36,1.08
5.96,812,0.04,1.46,33,-7.85,1.08
6,812,-0.04,1.46,33,-7.73,1.16
6.04,812,-0.02,1.46,33,-7.55,1.16
6.08,812,0.04,1.46,34,-7.56,1.23
6.12,812,-0.03,1.46,34,-7.35,1.23
6.16,812,-0.01,1.46,34,-7.54,1.31
6.2,812,0.01,1.46,35,-7.48,1.31
6.24,812,0.02,1.46,35,-7.48,1.39
6.28,812,-0.03,1.46,35,-7.79,1.39
6.32,812,0.05,1.46,35,-8.09,1.46
6.36,812,-0.02,1.54,36,-8.68,1.46
6.4,812,0.02,1.54,36,-9.3,1.54
6.44,812,0.03,1.54,36,-10.31,1.54
6.48,812,-0.03,1.54,37,-11.04,1.62
6.52,812,0.04,1.54,37,-11.87,1.62
6.56,812,-0.01,1.54,38,-12.34,1.7
6.6,812,-0.02,1.54,38,-12.64,1.7
6.64,812,0,1.54,39,-12.73,1.77
6.68,812,0,1.54,39,-12.67,1.77
6.72,812,-0.02,1.54,40,-12.47,1.85
6.76,812,0.06,1.62,40,-12.7,1.93
6.8,812,-0.01,1.62,41,-13.05,1.93
6.84,812,-0.02,1.62,41,-13.34,2
6.88,812,0.01,1.62,42,-13.58,2.08
6.92,812,-0.02,1.62,43,-13.84,2.08
6.96,812,0,1.62,43,-14.04,2.16
7,812,0.02,1.62,44,-14.63,2.16
7.04,812,0,1.62,44,-15.55,2.24
7.08,812,0.02,1.62,45,-16.35,2.31
7.12,812,0.02,1.7,46,-16.23,2.31
7.16,812,-0.02,1.7,46,-16.27,2.39
7.2,812,0.02,1.7,47,-16.23,2.39
7.24,812,-0.02,1.7,48,-15.99,2.47
7.28,812,-0.02,1.7,48,-16.05,2.54
7.32,812,0.03,1.7,49,-16.08,2.62
7.36,812,-0.02,1.7,49,-16.19,2.62
7.4,812,0,1.77,50,-16.45,2.7
7.44,812,0.04,1.77,51,-17.22,2.78
7.48,812,-0.02,1.77,51,-17.95,2.78
7.52,812,-0.02,1.77,52,-18.51,2.85
7.56,812,0.04,1.77,53,-18.69,2.93
7.6,812,-0.01,1.77,54,-18.83,3.01
7.64,812,0.03,1.85,55,-18.88,3.01
7.68,812,-0.52,1.85,55,-18.87,3.08
7.72,812,-5.7,1.85,56,-18.8,3.16
7.76,812,-5.78,1.85,57,-18.93,3.16
7.8,811,-7.14,1.85,58,-18.67,3.24
7.84,811,-8.07,1.85,58,-18.81,3.24
7.88,811,-7.86,1.85,59,-18.68,3.24
7.92,810,-7.38,1.85,60,-18.9,3.24
7.96,810,-8.54,1.85,61,-18.87,3.32
8,810,-8.32,1.85,61,-18.77,3.32
8.04,809,-8.33,1.85,62,-19.05,3.32
8.08,809,-7.79,1.85,63,-19.55,3.32
8.12,809,-8.72,1.85,63,-19.94,3.32
8.16,808,-8.41,1.85,64,-20.08,3.32
8.2,808,-8.13,1.85,65,-20.05,3.32
8.24,808,-7.09,1.85,66,-20.1,3.32
8.28,808,-7.47,1.85,67,-20.27,3.32
8.32,807,-16.35,1.85,68,-19.87,3.32
8.36,806,-25.1,1.85,68,-19.95,3.32
8.4,805,-28.17,1.85,69,-20,3.32
8.44,804,-27.28,1.85,70,-20.02,3.32
8.48,803,-24.34,1.85,71,-19.87,3.32
8.52,802,-26.24,1.85,72,-20,3.32
8.56,801,-27.73,1.85,72,-20.16,3.32
8.6,800,-28.43,1.85,73,-20.06,3.32
8.64,799,-24.65,1.85,74,-19.95,3.32
8.68,797,-26.25,1.85,75,-20.1,3.32
8.72,796,-27.22,1.85,76,-20.05,3.32
8.76,795,-31.97,1.85,76,-20.06,3.32
8.8,794,-45.55,1.85,77,-19.87,3.32
8.84,792,-45.22,1.85,78,-19.9,3.32
8.88,790,-42.13,1.85,79,-19.94,3.32
8.92,788,-44.32,1.85,80,-19.87,3.32
8.96,787,-46.67,1.85,80,-19.88,3.32
9,785,-54.45,1.85,81,-20.04,3.32
9.04,782,-51.82,1.85,82,-20.08,3.32
9.08,780,-52.16,1.85,83,-20.02,3.32
9.12,778,-55.31,1.85,84,-19.92,3.32
9.16,776,-54.09,1.85,84,-20.03,3.32
9.2,774,-55.44,1.85,85,-19.93,3.32
9.24,771,-54.14,1.85,86,-19.82,3.32
9.28,769,-54.4,1.85,87,-19.94,3.32
9.32,768,-53.59,1.85,87,-20.05,3.32
9.36,766,-56.78,1.85,88,-20.16,3.32
9.4,763,-62.2,1.85,89,-20.12,3.32
9.44,760,-88.27,1.85,90,-20.04,3.32
9.48,757,-84.94,1.85,91,-20,3.32
9.52,753,-86.72,1.85,91,-19.94,3.32
9.56,750,-86.14,1.85,92,-19.88,3.32
9.6,746,-81.58,1.85,93,-19.93,3.32
9.64,743,-78.37,1.85,94,-20.07,3.32
9.68,740,-80.38,1.85,95,-19.96,3.32
9.72,737,-79.57,1.85,95,-19.94,3.32
9.76,733,-79.15,1.85,96,-20.08,3.32
9.8,730,-78.41,1.85,97,-20,3.32
9.84,727,-83.32,1.85,98,-19.93,3.32
9.88,724,-87.48,1.85,99,-20.07,3.32
9.92,721,-88.48,1.85,99,-20.11,3.32
9.96,716,-88.44,1.85,100,-19.92,3.32
10,713,-86.31,1.85,101,-19.9,3.32
10.04,710,-89.6,1.85,102,-19.94,3.32
10.08,706,-108.58,1.85,103,-20.13,3.32
10.12,701,-104.99,1.85,104,-19.96,3.32
10.16,697,-105.82,1.85,104,-20.11,3.32
10.2,693,-103.71,1.85,105,-20.11,3.32
10.24,690,-88.2,1.85,106,-20.04,3.32
10.28,687,-87.98,1.85,107,-20.04,3.32
10.32,682,-88.03,1.85,108,-19.91,3.32
10.36,679,-85.61,1.85,108,-20.09,3.32
10.4,676,-87.41,1.85,109,-20.02,3.32
10.44,673,-89.28,1.85,110,-19.94,3.32
10.48,668,-96.77,1.85,111,-20.07,3.32
10.52,664,-107.15,1.85,112,-20.08,3.32
10.56,660,-106.52,1.85,112,-20.16,3.32
10.6,656,-105.1,1.85,113,-19.98,3.32
10.64,652,-105.38,1.85,114,-19.92,3.32
10.68,648,-89.3,1.85,115,-20.07,3.32
10.72,644,-89.33,1.85,116,-19.87,3.32
10.76,641,-87.52,1.85,116,-20.01,3.32
10.8,638,-86.45,1.85,117,-20.03,3.32
10.84,633,-78.14,1.85,118,-20.08,3.32
10.88,631,-78.71,1.85,119,-20.05,3.32
10.92,628,-80.47,1.85,120,-20.03,3.32
10.96,625,-77.47,1.85,120,-19.99,3.32
11,622,-80.06,1.85,121,-19.88,3.32
11.04,618,-80.28,1.85,122,-19.84,3.32
11.08,615,-81.12,1.85,123,-19.97,3.32
11.12,612,-79.31,1.85,123,-19.88,3.32
11.16,609,-88.56,1.85,124,-19.96,3.32
11.2,604,-86.8,1.85,125,-20.09,3.32
11.24,601,-86.93,1.85,126,-20.16,3.32
11.28,598,-84.69,1.85,127,-20.04,3.32
11.32,596,-51.31,1.85,127,-19.88,3.32
11.36,594,-53.81,1.85,128,-19.98,3.32
11.4,591,-51.7,1.85,129,-20.04,3.32
11.44,589,-54.55,1.85,130,-19.99,3.32
11.48,587,-52.1,1.85,131,-19.99,3.32
11.52,585,-53.95,1.85,131,-20.04,3.32
11.56,582,-53.35,1.85,132,-20.15,3.32
11.6,580,-54.19,1.85,133,-20.04,3.32
11.64,578,-51.01,1.85,134,-19.97,3.32
11.68,576,-54.26,1.85,135,-19.94,3.32
11.72,575,-50.92,1.85,135,-20.03,3.32
11.76,572,-44.54,1.85,136,-19.82,3.32
11.8,571,-44.85,1.85,137,-20.02,3.32
11.84,569,-44.18,1.85,138,-19.97,3.32
11.88,567,-43.39,1.85,139,-20.14,3.32
11.92,565,-37.87,1.85,140,-19.95,3.32
11.96,564,-28.16,1.85,140,-20,3.32
12,563,-25.56,1.85,141,-20.1,3.32
12.04,562,-27.63,1.85,142,-20.11,3.32
12.08,561,-26.97,1.85,143,-20.06,3.32
12.12,560,-27.74,1.85,144,-19.82,3.32
12.16,559,-25.92,1.85,144,-20.03,3.32
12.2,558,-25.61,1.85,145,-19.99,3.32
12.24,557,-28.05,1.85,146,-19.87,3.32
12.28,555,-28.05,1.85,147,-19.94,3.32
12.32,555,-26.53,1.85,148,-20.02,3.32
12.36,554,-21.89,1.85,148,-20.05,3.32
12.4,553,-8.09,1.85,149,-19.98,3.32
12.44,553,-9.03,1.85,150,-19.92,3.32
12.48,552,-8.3,1.85,151,-19.99,3.32
12.52,552,-7.9,1.85,152,-19.86,3.32
12.56,552,-8.64,1.85,152,-19.99,3.32
12.6,552,-8.69,1.85,153,-20.07,3.32
12.64,551,-8.57,1.85,154,-20.03,3.32
12.68,551,-7.89,1.85,155,-19.95,3.32
12.72,550,-8.62,1.85,156,-20.04,3.32
12.76,550,-8.83,1.85,156,-20.09,3.32
12.8,550,-8.76,1.85,157,-19.99,3.32
12.84,549,-7.43,1.85,158,-19.92,3.32
12.88,549,-8.01,1.85,159,-20.03,3.32
12.92,549,-8.28,1.85,159,-20,3.32
12.96,548,-9.6,1.85,160,-20.01,3.32
13,548,-3.21,1.85,161,-19.96,3.32
13.04,548,-0.6,1.85,162,-20.06,3.32
13.08,548,-0.36,1.85,163,-20.02,3.32
13.12,548,-0.29,1.85,163,-19.91,3.32
13.16,548,-0.09,1.85,164,-19.94,3.32
13.2,548,-0.14,1.85,165,-20.06,3.32
13.24,548,-0.1,1.85,166,-20.02,3.32
13.28,548,-0.04,1.85,167,-20.02,3.32
13.32,548,-0.1,1.85,167,-20.1,3.32
13.36,548,-0.01,1.85,168,-20.14,3.32
13.4,548,-0.02,1.85,169,-19.92,3.32
13.44,548,-0.08,1.85,170,-19.94,3.32
13.48,548,0.02,1.85,171,-19.98,3.32
13.52,548,0,1.85,171,-20.1,3.32
13.56,548,-0.07,1.85,172,-19.98,3.32
13.6,548,0.04,1.85,173,-20.05,3.32
13.64,548,0,1.85,174,-19.99,3.32
13.68,548,-0.07,1.85,175,-20.14,3.32
13.72,548,0.02,1.85,176,-19.88,3.32
13.76,548,-0.02,1.85,176,-19.95,3.32
13.8,548,0,1.85,177,-20,3.32
13.84,548,0,1.85,178,-20.03,3.32
13.88,548,-0.04,1.85,179,-19.98,3.32
13.92,548,0.02,1.85,180,-19.99,3.32
13.96,548,0.03,1.85,180,-20.09,3.32
14,548,-0.06,1.85,181,-20.02,3.32
14.04,548,0.02,1.85,182,-19.84,3.32
14.08,548,0,1.85,183,-20.07,3.32
14.12,548,-0.04,1.85,184,-19.98,3.32
14.16,548,0.01,1.85,184,-20.07,3.32
14.2,548,0.02,1.85,185,-19.94,3.32
14.24,548,-0.04,1.85,186,-19.95,3.32
14.28,548,0.02,1.85,187,-20.01,3.32
14.32,548,-0.04,1.85,188,-19.92,3.32
14.36,548,0,1.85,188,-20,3.32
14.4,548,0.05,1.85,189,-20.12,3.32
14.44,548,-0.05,1.85,190,-19.93,3.32
14.48,548,0,1.85,191,-19.86,3.32
14.52,548,0.04,1.85,192,-20,3.32
14.56,548,-0.04,1.85,192,-20.08,3.32
14.6,548,-0.02,1.85,193,-20.15,3.32
14.64,548,0.01,1.85,194,-19.9,3.32
14.68,548,-0.03,1.85,195,-19.98,3.32
14.72,548,0.04,1.85,195,-19.98,3.32
14.76,548,0,1.85,196,-20.01,3.32
14.8,548,-0.01,1.85,197,-19.9,3.32
14.84,548,0.04,1.85,198,-20.02,3.32
14.88,548,0,1.85,199,-20.18,3.32
14.92,548,-0.04,1.85,199,-20,3.32
14.96,548,0.04,1.85,200,-19.9,3.32
15,548,-0.02,1.85,201,-20.05,3.32
15.04,548,-0.02,1.85,202,-20.03,3.32
15.08,548,0.03,1.85,203,-20.01,3.32
15.12,548,-0.01,1.85,203,-19.96,3.32
15.16,548,0.01,1.85,204,-20.08,3.32
15.2,548,0,1.85,205,-20.04,3.32
15.24,548,-0.04,1.85,206,-19.92,3.32
15.28,548,0.04,1.85,207,-19.95,3.32
15.32,548,0.02,1.85,207,-20.1,3.32
15.36,548,-0.07,1.85,208,-19.93,3.32
15.4,548,0.06,1.85,209,-20,3.32
15.44,548,0.03,1.85,210,-19.96,3.32
15.48,548,-0.09,1.85,211,-20.2,3.32
15.52,548,0.03,1.85,212,-19.92,3.24
15.56,548,-0.02,1.85,212,-20.02,3.24
15.6,548,-0.03,1.85,213,-20.04,3.16
15.64,548,0.02,1.85,214,-20.12,3.08
15.68,548,-0.04,1.85,215,-20.03,3.08
15.72,548,0,1.77,216,-19.94,3.01
15.76,548,0.03,1.77,216,-19.99,2.93
15.8,548,-0.06,1.77,217,-19.9,2.93
15.84,548,-0.02,1.77,218,-19.91,2.85
15.88,548,0.03,1.77,219,-20.08,2.78
15.92,548,-0.09,1.77,220,-20.02,2.7
15.96,548,0.01,1.77,220,-19.91,2.7
16,548,0.03,1.7,221,-19.96,2.62
16.04,548,-0.05,1.7,222,-19.92,2.54
16.08,548,0.04,1.7,223,-20.11,2.47
16.12,548,-0.02,1.7,224,-19.73,2.47
16.16,548,-0.06,1.7,224,-19.92,2.39
16.2,548,0.04,1.7,225,-20.14,2.39
16.24,548,-0.05,1.7,226,-20.1,2.31
16.28,548,-0.01,1.62,227,-19.9,2.24
16.32,548,0.04,1.62,228,-19.98,2.24
16.36,548,-0.02,1.62,228,-20.03,2.16
16.4,548,-0.08,1.62,229,-20.1,2.16
16.44,548,0.02,1.62,230,-19.8,2.08
16.48,548,-0.08,1.62,231,-19.94,2
16.52,548,0.02,1.62,231,-20,2
16.56,548,0.02,1.62,232,-20.2,1.93
16.6,548,-0.05,1.54,233,-20.06,1.85
16.64,548,0.06,1.54,234,-20.06,1.85
16.68,548,0,1.54,235,-20.09,1.77
16.72,548,-0.08,1.54,235,-19.86,1.77
16.76,548,0.02,1.54,236,-19.92,1.7
16.8,548,-0.01,1.54,237,-19.93,1.7
16.84,548,-0.08,1.54,238,-20.06,1.62
16.88,548,0.04,1.54,239,-20.01,1.62
16.92,548,0,1.54,239,-19.99,1.54
16.96,548,0.02,1.54,240,-20.08,1.46
17,548,0.01,1.54,241,-20.05,1.46
17.04,548,-0.04,1.46,242,-19.88,1.46
17.08,548,0.01,1.46,243,-20.03,1.39
17.12,548,0.06,1.46,243,-20.06,1.39
17.16,548,-0.08,1.46,244,-20.03,1.31
17.2,548,0.03,1.46,245,-19.95,1.31
17.24,548,0.05,1.46,246,-20.04,1.23
17.28,548,-0.06,1.46,247,-20.15,1.23
17.32,548,0.04,1.46,248,-19.96,1.16
17.36,548,0.02,1.46,248,-20.06,1.16
17.4,548,-0.07,1.46,249,-20.03,1.08
17.44,548,0.02,1.46,250,-20.08,1.08
17.48,548,0.04,1.46,251,-19.8,1
17.52,548,0.04,1.46,252,-19.95,1
17.56,548,0.03,1.46,252,-20.07,1
17.6,548,0.01,1.46,253,-20.03,0.93
17.64,548,-0.06,1.46,254,-19.91,0.93
17.68,548,0.03,1.46,255,-20.1,0.85
17.72,548,-0.06,1.39,256,-19.94,0.85
17.76,548,0,1.39,256,-20,0.77
17.8,548,0.04,1.39,257,-19.95,0.77
17.84,548,0,1.39,258,-19.96,0.77
17.88,548,0.02,1.39,259,-20.08,0.69
17.92,548,0.02,1.39,260,-20.01,0.69
17.96,548,-0.06,1.39,260,-19.94,0.69
18,548,0.03,1.39,261,-20.05,0.62
18.04,548,0.01,1.39,262,-20.02,0.62
18.08,548,-0.06,1.39,263,-19.9,0.54
18.12,548,0.08,1.39,264,-19.81,0.54
18.16,548,0,1.39,264,-19.96,0.54
18.2,548,-0.05,1.39,265,-20.07,0.46
18.24,548,0.01,1.39,266,-20.02,0.46
18.28,548,-0.02,1.39,267,-19.95,0.46
18.32,548,-0.02,1.39,267,-20.02,0.39
18.36,548,0.05,1.39,268,-20.18,0.39
18.4,548,-0.05,1.39,269,-20.03,0.39
18.44,548,0.04,1.39,270,-20.06,0.31
18.48,548,0.03,1.39,271,-20.03,0.31
18.52,548,-0.06,1.39,271,-19.74,0.31
18.56,548,0.01,1.39,272,-19.44,0.23
18.6,548,0.03,1.39,273,-18.89,0.23
18.64,548,-0.07,1.39,274,-18.69,0.23
18.68,548,0.04,1.39,275,-18.77,0.15
18.72,548,0.04,1.39,275,-18.75,0.15
18.76,548,-0.03,1.39,276,-18.88,0.15
18.8,548,0.05,1.39,277,-18.82,0.08
18.84,548,0.01,1.39,278,-18.64,0.08
18.88,548,-0.01,1.39,278,-19.01,0.08
18.92,548,0.06,1.39,279,-18.88,0
18.96,548,-0.04,1.39,280,-18.64,0
19,548,0,1.39,281,-18.83,0
19.04,548,0.02,1.39,281,-18.77,-0.08
19.08,548,-0.04,1.39,282,-18.88,-0.08
19.12,548,0.03,1.39,283,-18.64,-0.08
19.16,548,0,1.39,284,-18.54,-0.08
19.2,548,-0.06,1.39,284,-18.05,-0.15
19.24,548,0.02,1.39,285,-17.37,-0.15
19.28,548,0.02,1.39,286,-16.58,-0.15
19.32,548,-0.05,1.39,286,-16.32,-0.23
19.36,548,0.02,1.39,287,-16.03,-0.23
19.4,548,0.01,1.39,288,-15.89,-0.23
19.44,548,-0.04,1.39,288,-16.12,-0.23
19.48,548,0.04,1.39,289,-16.21,-0.31
19.52,548,-0.01,1.39,290,-16.32,-0.31
19.56,548,-0.02,1.46,290,-16.28,-0.31
19.6,548,0.04,1.46,291,-16.16,-0.39
19.64,548,0.02,1.46,291,-15.67,-0.39
19.68,548,0.01,1.46,292,-14.53,-0.39
19.72,548,0.06,1.46,293,-13.98,-0.39
19.76,548,-0.01,1.46,293,-13.61,-0.46
19.8,548,-0.02,1.46,294,-13.06,-0.46
19.84,548,0.03,1.46,294,-12.66,-0.46
19.88,548,-0.09,1.46,295,-12.46,-0.54
19.92,548,0.06,1.46,295,-12.52,-0.54
19.96,548,0.02,1.46,296,-12.59,-0.54
20,548,-0.07,1.46,296,-12.37,-0.54
20.04,548,0.05,1.46,297,-12.35,-0.62
20.08,548,0,1.46,297,-12.27,-0.62
20.12,548,-0.06,1.46,298,-12.26,-0.62
20.16,548,0.03,1.46,298,-12.32,-0.69
20.2,548,-0.04,1.46,299,-12.45,-0.69
20.24,548,0,1.46,299,-12.23,-0.69
20.28,548,0,1.46,300,-11.76,-0.69
20.32,548,-0.02,1.46,300,-10.96,-0.77
20.36,548,-0.04,1.46,300,-9.98,-0.77
20.4,548,0.04,1.54,301,-8.44,-0.77
20.44,548,-0.07,1.54,301,-7.62,-0.85
20.48,548,0.03,1.54,302,-7.39,-0.85
20.52,548,-0.03,1.54,302,-7.28,-0.85
20.56,548,-0.08,1.54,302,-7.47,-0.93
20.6,548,0.02,1.54,302,-7.9,-0.93
20.64,548,0.01,1.54,303,-8.04,-0.93
20.68,548,-0.08,1.54,303,-7.81,-0.93
20.72,548,0.01,1.54,303,-7.09,-1
20.76,548,0.01,1.54,304,-6.19,-1
20.8,548,-0.04,1.54,304,-5.97,-1
20.84,548,0.03,1.54,304,-5.88,-1.08
20.88,548,0.03,1.54,304,-5.64,-1.08
20.92,548,0,1.54,305,-5.17,-1.08
20.96,548,0.02,1.54,305,-4.68,-1.16
21,548,-0.02,1.54,305,-4.34,-1.16
21.04,548,-0.04,1.62,305,-4,-1.16
21.08,548,0.04,1.62,305,-3.81,-1.16
21.12,548,-0.04,1.62,305,-3.55,-1.23
21.16,548,0,1.62,306,-3.53,-1.23
21.2,548,0.02,1.62,306,-3.59,-1.31
21.24,548,-0.06,1.62,306,-3.72,-1.31
21.28,548,0.03,1.62,306,-3.93,-1.31
21.32,548,0.03,1.62,306,-3.78,-1.39
21.36,548,-0.08,1.62,306,-3.33,-1.39
21.4,548,0.04,1.62,306,-2.46,-1.39
21.44,548,0.03,1.62,306,-1.72,-1.31
21.48,548,-0.03,1.62,307,-0.99,-1.31
21.52,548,0.01,1.62,307,-0.9,-1.31
21.56,548,-0.03,1.62,307,-0.97,-1.31
21.6,548,-0.07,1.62,307,-1.1,-1.31
21.64,548,-0.02,1.62,307,-1.36,-1.23
21.68,548,-0.07,1.62,307,-1.4,-1.23
21.72,548,-0.04,1.62,307,-1.36,-1.23
21.76,548,-0.08,1.62,307,-1.26,-1.23
21.8,548,-0.03,1.62,307,-1.1,-1.16
21.84,548,0,1.54,307,-1,-1.16
21.88,548,-0.02,1.54,307,-1.04,-1.16
21.92,548,0.01,1.54,307,-1.1,-1.08
21.96,548,0.01,1.54,307,-1.04,-1.08
22,548,-0.02,1.54,307,-0.58,-1.08
22.04,548,-0.04,1.54,307,-0.34,-1
22.08,548,0.01,1.54,307,-0.09,-1
22.12,548,0.02,1.54,307,0.02,-1
22.16,548,-0.12,1.54,307,0.06,-0.93
22.2,548,0.01,1.54,307,-0.01,-0.93
22.24,548,0,1.54,307,-0.01,-0.93
22.28,548,-0.01,1.54,307,-0.02,-0.93
22.32,548,-0.02,1.54,307,-0.02,-0.85
22.36,548,-0.02,1.54,307,0.04,-0.85
22.4,548,0.01,1.54,307,0.01,-0.85
22.44,548,0,1.54,307,-0.03,-0.77
22.48,548,-0.02,1.46,307,-0.01,-0.77
22.52,548,0,1.46,307,-0.01,-0.77
22.56,548,0.02,1.46,307,0.02,-0.69
22.6,548,-0.06,1.46,307,0.05,-0.69
22.64,548,-0.01,1.46,307,-0.01,-0.69
22.68,548,0.04,1.46,307,-0.03,-0.69
22.72,548,-0.01,1.46,307,0.01,-0.62
22.76,548,-0.03,1.46,307,0.02,-0.62
22.8,548,0.01,1.46,307,0.03,-0.62
22.84,548,-0.1,1.46,307,0.01,-0.54
22.88,548,0.02,1.46,307,-0.02,-0.54
22.92,548,-0.04,1.46,307,0.01,-0.54
22.96,548,-0.01,1.46,307,0.02,-0.54
23,548,0.02,1.46,307,0.02,-0.46
23.04,548,-0.02,1.46,307,0,-0.46
23.08,548,0.01,1.46,307,-0.02,-0.46
23.12,548,0.03,1.46,307,0.01,-0.39
23.16,548,-0.04,1.46,307,0.01,-0.39
23.2,548,0.02,1.46,307,0.01,-0.39
23.24,548,0.01,1.46,307,-0.03,-0.39
23.28,548,-0.06,1.46,307,-0.02,-0.31
23.32,548,0.04,1.39,307,-0.01,-0.31
23.36,548,0.03,1.39,307,0.02,-0.31
23.4,548,-0.03,1.39,307,0.02,-0.31
23.44,548,0.02,1.39,307,-0.02,-0.23
23.48,548,0,1.39,307,-0.01,-0.23
23.52,548,-0.03,1.39,307,0,-0.23
23.56,548,0.03,1.39,307,0,-0.15
23.6,548,0.01,1.39,307,0.01,-0.15
23.64,548,0.04,1.39,307,-0.01,-0.15
23.68,548,0,1.39,307,-0.03,-0.08
23.72,548,-0.02,1.39,307,0.02,-0.08
23.76,548,-0.01,1.39,307,-0.01,-0.08
23.8,548,0.02,1.39,307,-0.01,0
23.84,548,-0.04,1.39,307,0.02,0
23.88,548,0.02,1.39,307,-0.02,0
23.92,548,0.02,1.39,307,0.01,0
23.96,548,-0.04,1.39,307,0.02,0.08
24,548,0.03,1.39,307,0,0.08
24.04,548,0.02,1.39,307,0,0.08
24.08,548,-0.06,1.39,307,0,0.15
24.12,548,0,1.39,307,0,0.15
24.16,548,0,1.39,307,0.02,0.15
24.2,548,-0.01,1.39,307,0,0.23
24.24,548,0.02,1.39,307,-0.02,0.23
24.28,548,-0.02,1.39,307,0.01,0.23
24.32,548,-0.03,1.39,307,-0.01,0.23
24.36,548,0.03,1.39,307,0.01,0.31
24.4,548,-0.04,1.39,307,0.02,0.31
24.44,548,-0.01,1.39,307,0.01,0.39
24.48,548,0.05,1.39,307,-0.01,0.39
24.52,548,-0.06,1.39,307,0.02,0.39
24.56,548,0.01,1.39,307,0,0.46
24.6,548,0.01,1.39,307,-0.01,0.46
24.64,548,-0.05,1.39,307,0.01,0.46
24.68,548,0.03,1.39,307,0,0.54
24.72,548,0,1.39,307,0.01,0.54
24.76,548,-0.04,1.39,307,0.01,0.54
24.8,548,0.02,1.39,307,-0.01,0.62
24.84,548,0.02,1.39,307,-0.02,0.62
24.88,548,-0.02,1.39,307,0,0.69
24.92,548,0.05,1.39,307,0.01,0.69
24.96,548,-0.01,1.39,307,0,0.69
25,548,0.02,1.39,307,0.01,0.77
25.04,548,0.03,1.39,307,-0.01,0.77
25.08,548,-0.06,1.39,307,0,0.77
25.12,548,0.05,1.39,307,0.01,0.85
25.16,548,0.02,1.46,307,-0.01,0.85
25.2,548,-0.03,1.46,307,0,0.93
25.24,548,0.02,1.46,307,-0.01,0.93
25.28,548,0.03,1.46,307,-0.01,1
25.32,548,-0.05,1.46,307,0.02,1
25.36,548,0.03,1.46,307,-0.01,1
25.4,548,0,1.46,307,0,1.08
25.44,548,0.02,1.46,307,-0.01,1.08
25.48,548,0.02,1.46,307,-0.02,1.16
25.52,548,0.03,1.46,307,-0.01,1.16
25.56,548,-0.05,1.46,307,0.01,1.23
25.6,548,0.02,1.46,307,-0.01,1.23
25.64,548,0,1.46,307,0.01,1.31
25.68,548,0,1.46,307,-0.02,1.31
25.72,548,0.02,1.46,307,-0.01,1.31
25.76,548,-0.01,1.46,307,0.01,1.39
25.8,548,0.02,1.46,307,-0.01,1.46
25.84,548,0.02,1.54,307,-0.01,1.46
25.88,548,-0.06,1.54,307,0.02,1.46
25.92,548,0,1.54,307,-0.01,1.54
25.96,548,0.04,1.54,307,-0.01,1.62
26,548,-0.04,1.54,307,0.01,1.62
26.04,548,0.03,1.54,307,-0.02,1.7
26.08,548,0.01,1.54,307,-0.02,1.7
26.12,548,-0.05,1.54,307,0.01,1.77
26.16,548,0.03,1.54,307,0,1.77
26.2,548,-0.01,1.54,307,0,1.85
26.24,548,-0.03,1.54,307,-0.01,1.85
26.28,548,0.05,1.62,307,0,1.93
26.32,548,-0.04,1.62,307,0.01,2
26.36,548,-0.01,1.62,307,0.01,2
26.4,548,0.03,1.62,307,0.01,2.08
26.44,548,-0.04,1.62,307,0,2.08
26.48,548,0.01,1.62,307,0,2.16
26.52,548,0.02,1.62,307,0.01,2.24
26.56,548,-0.06,1.62,307,0.03,2.24
26.6,548,0.03,1.7,307,-0.01,2.31
26.64,548,0.03,1.7,307,-0.02,2.31
26.68,548,-0.06,1.7,307,-0.01,2.39
26.72,548,0.06,1.7,307,0,2.47
26.76,548,0.02,1.7,307,-0.02,2.47
26.8,548,0.01,1.7,307,0.01,2.54
26.84,548,0,1.7,307,0,2.62
26.88,548,-0.06,1.77,307,0.01,2.7
26.92,548,0.02,1.77,307,0.02,2.7
26.96,548,0,1.77,307,-0.01,2.78
27,548,0.02,1.77,307,-0.01,2.85
27.04,548,0.04,1.77,307,-0.02,2.93
27.08,548,0.04,1.77,307,0,2.93
27.12,548,-0.04,1.77,307,0.02,3.01
27.16,548,0.16,1.85,307,-0.01,3.08
27.2,548,3.01,1.85,307,0.1,3.08
27.24,548,6.01,1.85,307,0.69,3.16
27.28,548,7.86,1.85,307,1.06,3.24
27.32,549,8.89,1.85,307,1.1,3.32
27.36,549,8.92,1.85,307,1.17,3.32
27.4,549,7.65,1.85,307,1.17,3.32
27.44,550,7.41,1.85,307,1.18,3.39
27.48,550,8.64,1.93,307,1.22,3.39
27.52,550,9.24,1.93,307,1.24,3.39
27.56,551,9.18,1.93,307,1.24,3.39
27.6,551,7.64,1.93,307,1.2,3.39
27.64,551,8.75,1.93,307,1.17,3.39
27.68,552,8.62,1.93,307,1.16,3.39
27.72,552,8.62,1.93,307,1.17,3.39
27.76,552,7.77,1.93,306,1.18,3.39
27.8,553,18.45,1.93,306,1.2,3.39
27.84,554,26.1,1.93,306,1.49,3.39
27.88,555,28.75,1.93,306,1.98,3.39
27.92,556,26.31,1.93,306,2.69,3.39
27.96,557,26.87,1.93,306,3.54,3.39
28,558,24.44,1.93,306,3.81,3.39
28.04,559,27.61,1.93,306,3.81,3.39
28.08,560,27.02,1.93,306,3.84,3.39
28.12,561,28.47,1.93,305,3.8,3.39
28.16,562,23.93,1.93,305,3.83,3.39
28.2,563,28.26,1.93,305,3.81,3.39
28.24,564,28.22,1.93,305,3.74,3.39
28.28,566,45.34,1.93,305,3.85,3.39
28.32,568,45.27,1.93,305,4.57,3.39
28.36,570,43.62,1.93,304,5.27,3.39
28.4,571,41.29,1.93,304,5.93,3.39
28.44,573,45.43,1.93,304,6.32,3.39
28.48,576,52.86,1.93,304,7.03,3.39
28.52,578,54.54,1.93,303,7.29,3.39
28.56,580,52.69,1.93,303,7.76,3.39
28.6,582,55.49,1.93,303,7.67,3.39
28.64,584,52.83,1.93,303,7.5,3.39
28.68,586,52.5,1.93,302,7.4,3.39
28.72,588,51.57,1.93,302,7.56,3.39
28.76,590,54.46,1.93,302,7.48,3.39
28.8,592,50.99,1.93,301,7.56,3.39
28.84,595,52.28,1.93,301,7.71,3.39
28.88,597,61.82,1.93,301,7.84,3.39
28.92,600,92,1.93,300,8.01,3.39
28.96,603,88,1.93,300,8.43,3.39
29,606,85.94,1.93,300,9.09,3.39
29.04,611,86.18,1.93,299,10.48,3.39
29.08,614,87.6,1.93,299,11.37,3.39
29.12,617,87.01,1.93,298,12.02,3.39
29.16,621,88.5,1.93,298,12.42,3.39
29.2,625,89.4,1.93,297,12.7,3.39
29.24,628,88.98,1.93,297,12.69,3.39
29.28,632,87.41,1.93,296,12.66,3.39
29.32,635,86.36,1.93,296,12.38,3.39
29.36,638,100.4,1.93,296,12.39,3.39
29.4,643,94.3,1.93,295,12.93,3.39
29.44,647,97.73,1.93,294,13.38,3.39
29.48,650,97.61,1.93,294,13.65,3.39
29.52,654,100.5,1.93,293,13.81,3.39
29.56,660,112.94,1.93,293,14.64,3.39
29.6,664,113.69,1.93,292,14.96,3.39
29.64,668,114.95,1.93,292,15.56,3.39
29.68,672,115.01,1.93,291,16.08,3.39
29.72,676,115.53,1.93,290,16.14,3.39
29.76,683,113.53,1.93,290,15.92,3.39
29.8,687,114.21,1.93,289,16.14,3.39
29.84,691,114.03,1.93,288,16.07,3.39
29.88,695,114.69,1.93,288,16.23,3.39
29.92,701,113.51,1.93,287,16.46,3.39
29.96,705,122.54,1.93,286,16.34,3.39
30,710,134.63,1.93,286,16.69,3.39
30.04,715,131.58,1.93,285,16.94,3.39
30.08,720,128.21,1.93,284,17.58,3.39
30.12,726,124.93,1.93,284,18.37,3.39
30.16,731,123.65,1.93,283,18.64,3.39
30.2,735,124.75,1.93,282,18.84,3.39
30.24,740,124.59,1.93,281,18.93,3.39
30.28,746,123.66,1.93,280,19,3.39
30.32,751,124.63,1.93,280,18.92,3.39
30.36,755,123.12,1.93,279,18.82,3.39
30.4,760,125.74,1.93,278,18.84,3.39
30.44,764,125.19,1.93,278,18.71,3.39
30.48,771,122.71,1.93,277,18.53,3.39
30.52,776,124.54,1.93,276,18.68,3.39
30.56,780,122.67,1.93,275,18.67,3.39
30.6,785,128.14,1.93,275,19,3.39
30.64,792,127.56,1.93,274,19.19,3.39
30.68,796,132.05,1.93,273,19.75,3.39
30.72,801,129.67,1.93,272,20.02,3.39
30.76,805,110.7,1.93,272,19.95,3.39
30.8,809,112.25,1.93,271,19.94,3.39
30.84,816,112.86,1.93,270,19.88,3.39
30.88,820,113.93,1.93,269,19.89,3.39
30.92,824,113.6,1.93,268,19.91,3.39
30.96,828,114.66,1.93,268,20.01,3.39
31,834,113.49,1.93,267,19.96,3.39
31.04,838,117.01,1.93,266,20.06,3.39
31.08,842,111.48,1.93,265,20.18,3.39
31.12,846,110.06,1.93,264,20.2,3.39
31.16,850,111.4,1.93,264,20.1,3.39
31.2,856,95.99,1.93,263,19.94,3.39
31.24,859,94.76,1.93,262,19.89,3.39
31.28,863,98.51,1.93,261,19.89,3.39
31.32,866,98.51,1.93,260,19.83,3.39
31.36,872,88.31,1.93,259,20.16,3.39
31.4,875,87.03,1.93,259,20.14,3.39
31.44,878,87.11,1.93,258,20.06,3.39
31.48,881,85.2,1.93,257,20.07,3.39
31.52,884,89.95,1.93,256,20.24,3.39
31.56,889,87.01,1.93,255,20,3.39
31.6,892,89.46,1.93,255,20.04,3.39
31.64,895,88.78,1.93,254,19.99,3.39
31.68,898,85.3,1.93,253,19.94,3.39
31.72,903,87.18,1.93,252,19.97,3.39
31.76,906,75.76,1.93,251,19.87,3.39
31.8,907,11.43,1.93,251,19.99,3.39
31.84,907,1.32,1.93,250,20.04,3.39
31.88,908,0.65,1.93,249,20.04,3.39
31.92,908,0.36,1.93,248,20.17,3.39
31.96,908,0.14,1.93,247,20.04,3.39
32,908,0.24,1.93,247,19.94,3.39
32.04,908,0.2,1.93,246,19.91,3.39
32.08,908,0.04,1.93,245,19.84,3.39
32.12,908,0.17,1.93,244,19.92,3.39
32.16,908,0.1,1.93,243,20,3.39
32.2,908,0.04,1.93,243,20,3.39
32.24,908,0.12,1.93,242,20.03,3.39
32.28,908,0.04,1.93,241,20.25,3.39
32.32,908,0.05,1.93,240,20,3.39
32.36,908,0.1,1.93,240,19.98,3.39
32.4,908,0,1.93,239,19.94,3.39
32.44,908,0.06,1.93,238,19.82,3.39
32.48,908,0.05,1.93,237,19.98,3.39
32.52,908,-0.01,1.93,236,19.98,3.39
32.56,908,0.03,1.93,236,19.93,3.39
32.6,908,0.07,1.93,235,20.03,3.39
32.64,908,0.01,1.93,234,19.99,3.39
32.68,908,0.06,1.93,233,20.02,3.39
32.72,908,0.02,1.93,232,20.08,3.39
32.76,908,-0.01,1.93,232,19.96,3.39
32.8,908,0.07,1.93,231,19.98,3.39
32.84,908,0,1.93,230,19.92,3.39
32.88,908,0.02,1.93,229,19.98,3.39
32.92,908,0.08,1.93,228,19.96,3.39
32.96,908,-0.02,1.93,228,20.02,3.39
33,908,0.03,1.93,227,20.11,3.39
33.04,908,0.05,1.93,226,20.08,3.39
33.08,908,0,1.93,225,20.05,3.39
33.12,908,0.01,1.93,224,20.09,3.39
33.16,908,0.01,1.93,223,20.07,3.39
33.2,908,0,1.93,223,20.07,3.39
33.24,908,0.04,1.93,222,19.91,3.39
33.28,908,0.01,1.93,221,20.01,3.39
33.32,908,-0.04,1.93,220,20.11,3.39
33.36,908,0.04,1.93,219,20.01,3.39
33.4,908,-0.02,1.93,219,19.95,3.39
33.44,908,-0.04,1.93,218,20.02,3.39
33.48,908,0.06,1.93,217,19.95,3.39
33.52,908,-1.01,1.93,216,20.02,3.39
33.56,908,-2.59,1.93,215,20.02,3.39
33.6,907,-5.39,1.93,215,20.03,3.39
33.64,907,-6.16,1.93,214,19.92,3.39
33.68,907,-6.49,1.93,213,19.96,3.39
33.72,907,-6.95,1.93,212,19.96,3.39
33.76,906,-7.24,1.93,211,20,3.39
33.8,906,-8.45,1.93,211,20.07,3.39
33.84,906,-8.59,1.93,210,20.04,3.39
33.88,905,-8.05,1.93,209,20.04,3.39
33.92,905,-7.56,1.93,208,19.94,3.39
33.96,905,-8.01,1.93,207,19.98,3.39
34,904,-7.63,1.93,207,19.97,3.39
34.04,904,-8.87,1.93,206,19.94,3.39
34.08,904,-8.28,1.93,205,20.03,3.39
34.12,903,-11.04,1.93,204,20,3.39
34.16,903,-27.47,1.93,204,19.9,3.39
34.2,902,-28.54,1.93,203,20.03,3.39
34.24,900,-26.23,1.93,202,19.94,3.39
34.28,899,-25.98,1.93,201,19.99,3.39
34.32,898,-28.45,1.93,200,19.98,3.39
34.36,897,-28.71,1.93,200,19.87,3.39
34.4,896,-25.34,1.93,199,20.12,3.39
34.44,895,-28.6,1.93,198,19.99,3.39
34.48,894,-26.65,1.93,197,19.96,3.39
34.52,893,-27.93,1.93,196,20.1,3.39
34.56,892,-25.7,1.93,196,19.95,3.39
34.6,889,-44.67,1.93,195,19.95,3.39
34.64,888,-41.28,1.93,194,19.88,3.39
34.68,886,-41.86,1.93,193,20.04,3.39
34.72,885,-41.9,1.93,192,19.96,3.39
34.76,883,-41.37,1.93,192,19.86,3.39
34.8,881,-51.61,1.93,191,20.03,3.39
34.84,879,-50.61,1.93,190,20.1,3.39
34.88,877,-45.28,1.93,189,19.85,3.39
34.92,875,-45.64,1.93,188,19.36,3.39
34.96,873,-45.56,1.93,187,18.96,3.39
35,871,-47.27,1.93,187,18.77,3.39
35.04,870,-44.39,1.93,186,18.72,3.39
35.08,868,-43.72,1.93,185,18.63,3.39
35.12,867,-42.31,1.93,185,18.75,3.39
35.16,864,-44.82,1.93,184,18.61,3.39
35.2,863,-45.01,1.93,183,18.81,3.39
35.24,860,-80.72,1.93,182,18.87,3.39
35.28,857,-74.45,1.93,182,18.73,3.39
35.32,853,-78.57,1.93,181,18.84,3.39
35.36,850,-80.27,1.93,180,18.96,3.39
35.4,847,-81.57,1.93,179,18.68,3.39
35.44,845,-80.78,1.93,179,18.85,3.39
35.48,842,-80.9,1.93,178,18.58,3.39
35.52,838,-60.05,1.93,177,18.36,3.39
35.56,836,-60.3,1.93,176,17.96,3.39
35.6,834,-63.25,1.93,176,17.19,3.39
35.64,832,-62.54,1.93,175,16.86,3.39
35.68,828,-68.8,1.93,174,16.2,3.39
35.72,825,-71.88,1.93,174,16.15,3.39
35.76,823,-71.97,1.93,173,16.07,3.39
35.8,820,-70.89,1.93,172,15.97,3.39
35.84,817,-73.49,1.93,172,15.98,3.39
35.88,813,-85.96,1.93,171,16.28,3.39
35.92,810,-81.87,1.93,170,16.26,3.39
35.96,807,-66.79,1.93,170,16.15,3.39
36,805,-70.47,1.93,169,15.75,3.39
36.04,801,-72.54,1.93,168,14.63,3.39
36.08,798,-69.76,1.93,168,14.05,3.39
36.12,796,-68.02,1.93,167,13.75,3.39
36.16,794,-61.44,1.93,167,13.05,3.39
36.2,791,-63.68,1.93,166,12.55,3.39
36.24,788,-62.6,1.93,166,12.11,3.39
36.28,786,-62.53,1.93,165,12.19,3.39
36.32,783,-78.47,1.93,165,12.39,3.39
36.36,780,-79.2,1.93,164,12.59,3.39
36.4,776,-79.78,1.93,164,12.61,3.39
36.44,773,-79.06,1.93,163,12.59,3.39
36.48,770,-80.03,1.93,163,12.47,3.39
36.52,767,-80.19,1.93,162,12.3,3.39
36.56,764,-77.44,1.93,162,12.12,3.39
36.6,762,-43.68,1.93,161,11.79,3.39
36.64,760,-43.53,1.93,161,11.3,3.39
36.68,758,-44.36,1.93,161,10.77,3.39
36.72,757,-42.67,1.93,160,9.85,3.39
36.76,755,-44.1,1.93,160,8.63,3.39
36.8,753,-44.11,1.93,159,8.02,3.39
36.84,751,-45.24,1.93,159,7.76,3.39
36.88,750,-44.4,1.93,159,7.46,3.39
36.92,748,-45.16,1.93,159,7.16,3.39
36.96,745,-53.32,1.93,158,7.2,3.39
37,743,-47.06,1.93,158,7.25,3.39
37.04,742,-44,1.93,158,7.59,3.39
37.08,740,-45.18,1.93,157,7.4,3.39
37.12,738,-44.83,1.93,157,6.62,3.39
37.16,736,-43.24,1.93,157,6.3,3.39
37.2,735,-39.6,1.93,157,6.2,3.39
37.24,734,-24.55,1.93,156,5.84,3.39
37.28,733,-25.8,1.93,156,5.44,3.39
37.32,731,-24.54,1.93,156,4.06,3.39
37.36,730,-28.6,1.93,156,3.7,3.39
37.4,730,-25.18,1.93,156,3.68,3.39
37.44,729,-25.78,1.93,155,3.79,3.39
37.48,727,-24.69,1.93,155,4.04,3.39
37.52,726,-28.3,1.93,155,4.1,3.39
37.56,725,-27.29,1.93,155,4,3.39
37.6,724,-25.48,1.93,155,3.87,3.39
37.64,723,-27.89,1.93,155,3.74,3.39
37.68,723,-7.59,1.93,154,3.22,3.39
37.72,722,-8.49,1.93,154,2.7,3.39
37.76,722,-9.01,1.93,154,2.07,3.39
37.8,722,-8.77,1.93,154,1.64,3.39
37.84,721,-8.58,1.93,154,1.35,3.39
37.88,721,-8.54,1.93,154,1.29,3.39
37.92,721,-8.72,1.93,154,1.23,3.39
37.96,720,-8.14,1.93,154,1.18,3.39
38,720,-8.2,1.93,154,1.1,3.39
38.04,720,-9.18,1.93,154,1.05,3.39
38.08,719,-8.89,1.93,154,1.1,3.39
38.12,719,-8.03,1.93,154,1.14,3.39
38.16,719,-7.5,1.93,154,1.25,3.39
38.2,718,-8.69,1.93,154,1.33,3.39
38.24,718,-9.13,1.93,154,1.35,3.39
38.28,718,-5.73,1.93,154,1.27,3.39
38.32,718,-0.65,1.93,154,0.97,3.39
38.36,717,-0.39,1.93,154,0.45,3.39
38.4,717,-0.14,1.93,154,0,3.39
38.44,717,-0.12,1.93,154,-0.02,3.39
38.48,717,-0.12,1.93,154,0.01,3.39
38.52,717,-0.06,1.93,154,0.02,3.39
38.56,717,-0.11,1.93,154,0.02,3.39
38.6,717,-0.06,1.85,154,-0.01,3.32
38.64,717,-0.04,1.85,154,-0.01,3.32
38.68,717,-0.08,1.85,154,-0.02,3.24
38.72,717,-0.04,1.85,154,-0.01,3.24
38.76,717,0,1.85,154,0.02,3.16
38.8,717,-0.08,1.85,154,0,3.08
38.84,717,0.02,1.85,154,-0.01,3.01
38.88,717,0.01,1.77,154,-0.01,3.01
38.92,717,-0.06,1.77,154,-0.02,2.93
38.96,717,0.02,1.77,154,0.01,2.85
39,717,-0.01,1.77,154,0.02,2.78
39.04,717,-0.06,1.77,154,0,2.78
39.08,717,0.02,1.77,154,-0.01,2.7
39.12,717,-0.03,1.7,154,-0.02,2.62
39.16,717,0,1.7,154,0,2.62
39.2,717,0.01,1.7,154,0.02,2.54
39.24,717,-0.01,1.7,154,0.02,2.47
39.28,717,0.03,1.7,154,-0.01,2.39
39.32,717,0.02,1.7,154,-0.01,2.39
39.36,717,-0.05,1.7,154,-0.02,2.31
39.4,717,0.01,1.62,154,0,2.31
39.44,717,0.03,1.62,154,0.03,2.24
39.48,717,-0.06,1.62,154,0.01,2.16
39.52,717,0.02,1.62,154,0.01,2.16
39.56,717,-0.03,1.62,154,-0.01,2.08
39.6,717,-0.1,1.62,154,-0.02,2.08
39.64,717,-0.04,1.62,154,0.03,2
39.68,717,-0.03,1.62,154,0.01,1.93
39.72,717,-0.06,1.62,154,0.01,1.93
39.76,717,0.01,1.54,154,0.01,1.85
39.8,717,0.01,1.54,154,-0.01,1.85
39.84,717,-0.01,1.54,154,0.01,1.77
39.88,717,0.02,1.54,154,0.03,1.7
39.92,717,-0.02,1.54,154,-0.01,1.7
39.96,717,-0.02,1.54,154,0,1.62
40,717,0.02,1.54,154,0,1.62
40.04,717,-0.06,1.54,154,-0.02,1.54
40.08,717,0.02,1.54,154,-0.01,1.54
40.12,717,0.04,1.54,154,0.01,1.46
40.16,717,-0.05,1.54,154,-0.01,1.46
40.2,717,0.02,1.46,154,-0.01,1.39
40.24,717,0.02,1.46,154,0,1.39
40.28,717,-0.06,1.46,154,-0.01,1.31
40.32,717,0.04,1.46,154,0,1.31
40.36,717,-0.01,1.46,154,0,1.23
40.4,717,-0.02,1.46,154,-0.01,1.23
40.44,717,0.01,1.46,154,0.01,1.16
40.48,717,0,1.46,154,-0.02,1.16
40.52,717,-0.02,1.46,154,0,1.16
40.56,717,0.02,1.46,154,0.01,1.08
40.6,717,-0.04,1.46,154,-0.01,1.08
40.64,717,0.01,1.46,154,-0.01,1
40.68,717,0.02,1.46,154,0,1
40.72,717,-0.06,1.46,154,-0.02,0.93
40.76,717,0.04,1.46,154,0.02,0.93
40.8,717,0.02,1.46,154,-0.01,0.85
40.84,717,-0.05,1.46,154,0.01,0.85
40.88,717,0.02,1.39,154,-0.01,0.85
40.92,717,0,1.39,154,0.01,0.77
40.96,717,-0.04,1.39,154,0.01,0.77
41,717,0.01,1.39,154,0.01,0.69
41.04,717,0.04,1.39,154,0.03,0.69
41.08,717,0,1.39,154,0,0.69
41.12,717,0.02,1.39,154,0.01,0.62
41.16,717,-0.01,1.39,154,0.01,0.62
41.2,717,-0.02,1.39,154,-0.01,0.62
41.24,717,0.02,1.39,154,0.01,0.54
41.28,717,-0.04,1.39,154,0.02,0.54
41.32,717,0.02,1.39,154,0.01,0.46
41.36,717,0.02,1.39,154,0.01,0.46
41.4,717,-0.04,1.39,154,-0.01,0.46
41.44,717,0.02,1.39,154,0.01,0.39
41.48,717,0.04,1.39,154,0.01,0.39
41.52,717,-0.05,1.39,154,-0.01,0.39
41.56,717,0.04,1.39,154,0,0.31
41.6,717,0.03,1.39,154,0.01,0.31
41.64,717,-0.04,1.39,154,-0.01,0.31
41.68,717,0.03,1.39,154,0.03,0.23
41.72,717,0,1.39,154,-0.01,0.23
41.76,717,-0.04,1.39,154,-0.01,0.23
41.8,717,0.02,1.39,154,0.02,0.15
41.84,717,-0.03,1.39,154,0.01,0.15
41.88,717,0.01,1.39,154,-0.01,0.15
41.92,717,0.02,1.39,154,0,0.08
41.96,717,-0.02,1.39,154,-0.01,0.08
42,717,0.04,1.39,154,0.01,0.08
42.04,717,0.02,1.39,154,-0.01,0.08
42.08,717,-0.04,1.39,154,0,0
42.12,717,0.03,1.39,154,0.02,0
42.16,717,0.02,1.39,154,-0.01,0
42.2,717,-0.04,1.39,154,0,-0.08
42.24,717,0.04,1.39,154,0.01,-0.08
42.28,717,0.03,1.39,154,0,-0.08
42.32,717,-0.05,1.39,154,0.01,-0.15
42.36,717,0.02,1.39,154,0.02,-0.15
42.4,717,-0.01,1.39,154,-0.01,-0.15
42.44,717,-0.02,1.39,154,0,-0.15
42.48,717,0.02,1.39,154,0.01,-0.23
42.52,717,-0.04,1.39,154,-0.02,-0.23
42.56,717,0.02,1.39,154,0.01,-0.23
42.6,717,0.02,1.39,154,0.01,-0.31
42.64,717,-0.02,1.39,154,0.01,-0.31
42.68,717,0,1.46,154,0,-0.31
42.72,717,0.02,1.46,154,0.01,-0.31
42.76,717,-0.05,1.46,154,-0.02,-0.39
42.8,717,0.02,1.46,154,0.01,-0.39
42.84,717,0.04,1.46,154,0.01,-0.39
42.88,717,-0.04,1.46,154,-0.01,-0.46
42.92,717,0.02,1.46,154,0,-0.46
42.96,717,0.03,1.46,154,0,-0.46
43,717,-0.06,1.46,154,0,-0.46
43.04,717,0.04,1.46,154,0,-0.54
43.08,717,-0.02,1.46,154,0.01,-0.54
43.12,717,0,1.46,154,-0.01,-0.54
43.16,717,0.03,1.46,154,0.01,-0.62
43.2,717,0,1.46,154,0.01,-0.62
43.24,717,0.02,1.46,154,-0.02,-0.62
43.28,717,0.02,1.46,154,0.01,-0.62
43.32,717,-0.04,1.46,154,0,-0.69
43.36,717,0.02,1.46,154,-0.01,-0.69
43.4,717,0.02,1.46,154,-0.01,-0.69
43.44,717,-0.06,1.46,154,-0.02,-0.77
43.48,717,0.03,1.46,154,0.01,-0.77
43.52,717,0.04,1.54,154,0.01,-0.77
43.56,717,-0.05,1.54,154,-0.01,-0.77
43.6,717,0.03,1.54,154,0.02,-0.85
43.64,717,0.01,1.54,154,-0.01,-0.85
43.68,717,-0.03,1.54,154,-0.02,-0.85
43.72,717,0.02,1.54,154,0.01,-0.93
43.76,717,0.02,1.54,154,0.01,-0.93
43.8,717,-0.01,1.54,154,-0.01,-0.93
43.84,717,0.02,1.54,154,0.02,-1
43.88,717,-0.02,1.54,154,-0.03,-1
43.92,717,-0.01,1.54,154,0.01,-1
43.96,717,0.02,1.54,154,-0.01,-1.08
44,717,-0.05,1.54,154,-0.01,-1.08
44.04,717,0.02,1.54,154,0.01,-1.08
44.08,717,0.02,1.54,154,-0.01,-1.08
44.12,717,-0.02,1.54,154,-0.02,-1.16
44.16,717,0.03,1.62,154,0.01,-1.16
44.2,717,0.02,1.62,154,-0.01,-1.16
44.24,717,-0.05,1.62,154,0,-1.23
44.28,717,0.02,1.62,154,-0.01,-1.23
44.32,717,-0.02,1.62,154,-0.01,-1.23
44.36,717,-0.01,1.62,154,0,-1.31
44.4,717,0.01,1.62,154,-0.01,-1.31
44.44,717,0.01,1.62,154,0.02,-1.31
44.48,717,-0.04,1.62,154,0.01,-1.39
44.52,717,0.02,1.62,154,0.02,-1.39
44.56,717,-0.04,1.62,154,-0.01,-1.39
44.6,717,-0.01,1.62,154,0,-1.46
44.64,717,0.02,1.62,154,0.02,-1.46
44.68,717,-0.05,1.62,154,-0.02,-1.54
44.72,717,0.02,1.7,154,-0.01,-1.54
44.76,717,0.02,1.7,154,0.01,-1.54
44.8,717,-0.06,1.7,154,-0.01,-1.62
44.84,717,0.02,1.7,154,0.01,-1.62
44.88,717,0.02,1.7,154,0.02,-1.7
44.92,717,-0.05,1.7,154,0.01,-1.7
44.96,717,0.02,1.7,154,0.01,-1.7
45,717,0.01,1.7,154,0.01,-1.7
45.04,717,0,1.7,154,-0.01,-1.77
45.08,717,0.01,1.7,154,0.01,-1.77
45.12,717,0,1.7,154,-0.02,-1.77
45.16,717,-0.02,1.7,154,0,-1.77
45.2,717,0.01,1.7,154,-0.01,-1.77
45.24,717,-0.03,1.7,154,-0.01,-1.77
45.28,717,0.01,1.7,154,-0.01,-1.77
45.32,717,0.02,1.7,154,0.01,-1.77
45.36,717,-0.02,1.7,154,0.01,-1.77
45.4,717,0.01,1.7,154,-0.03,-1.77
45.44,717,0.02,1.7,154,0.02,-1.77
45.48,717,-0.03,1.7,154,-0.01,-1.77
45.52,717,0.01,1.7,154,0,-1.77
45.56,717,0.01,1.7,154,-0.01,-1.77
45.6,717,-0.03,1.7,154,-0.02,-1.77
45.64,717,0.01,1.7,154,0.01,-1.77
45.68,717,0.01,1.7,154,-0.01,-1.77
45.72,717,-0.03,1.7,154,-0.01,-1.77
45.76,717,0.02,1.7,154,0.01,-1.77
45.8,717,-0.02,1.7,154,-0.02,-1.77
45.84,717,-0.01,1.7,154,0,-1.77
45.88,717,0.02,1.7,154,0.02,-1.77
45.92,717,0,1.7,154,-0.02,-1.77
45.96,717,0.02,1.7,154,-0.01,-1.77
46,717,0.02,1.7,154,0.01,-1.77
46.04,717,-0.02,1.7,154,-0.01,-1.77
46.08,717,0,1.7,154,0.02,-1.77
46.12,717,0.02,1.7,154,0.01,-1.77
46.16,717,-0.03,1.7,154,-0.01,-1.77
46.2,717,0.01,1.7,154,0,-1.77
46.24,717,0.02,1.7,154,0.02,-1.77
46.28,717,-0.03,1.7,154,-0.02,-1.77
46.32,717,0.01,1.7,154,0,-1.77
46.36,717,0,1.7,154,0,-1.77
46.4,717,-0.02,1.7,154,0,-1.77
46.44,717,0.01,1.7,154,-0.01,-1.77
46.48,717,-0.01,1.7,154,-0.01,-1.77
46.52,717,0.01,1.7,154,0.01,-1.77
46.56,717,0.01,1.7,154,0.02,-1.77
46.6,717,-0.01,1.7,154,0.01,-1.77
46.64,717,-0.01,1.7,154,0,-1.77
46.68,717,0.03,1.7,154,0.01,-1.77
46.72,717,-0.02,1.7,154,-0.01,-1.77
46.76,717,0.01,1.7,154,0.01,-1.77
46.8,717,0.02,1.7,154,-0.01,-1.77
46.84,717,-0.02,1.7,154,0.01,-1.77
46.88,717,0.01,1.7,154,-0.01,-1.77
46.92,717,0.02,1.7,154,0.01,-1.77
46.96,717,-0.04,1.7,154,-0.02,-1.77
47,717,0.02,1.7,154,-0.01,-1.77
47.04,717,-0.01,1.7,154,0,-1.77
47.08,717,-0.01,1.7,154,0.01,-1.77
47.12,717,0.02,1.7,154,0.01,-1.77
47.16,717,0,1.7,154,-0.01,-1.77
47.2,717,0.01,1.7,154,0.01,-1.77
47.24,717,0.01,1.7,154,0.01,-1.77
47.28,717,-0.02,1.7,154,-0.02,-1.77
47.32,717,0,1.7,154,0.01,-1.77
47.36,717,0.02,1.7,154,0.01,-1.77
47.4,717,-0.04,1.7,154,0,-1.77
47.44,717,0.01,1.7,154,-0.01,-1.77
47.48,717,0.02,1.7,154,0,-1.77
47.52,717,-0.03,1.7,154,-0.01,-1.77
47.56,717,0.01,1.7,154,0.02,-1.77
47.6,717,0,1.7,154,0.01,-1.77
47.64,717,-0.03,1.7,154,0.01,-1.77
47.68,717,0.01,1.7,154,-0.01,-1.77
47.72,717,0.01,1.7,154,0.01,-1.77
47.76,717,0,1.7,154,0.01,-1.77
47.8,717,0,1.7,154,-0.01,-1.77
47.84,717,-0.02,1.7,154,0,-1.77
47.88,717,-0.01,1.7,154,0,-1.77
47.92,717,0.01,1.7,154,0.01,-1.77
47.96,717,-0.02,1.7,154,0.01,-1.77
48,717,0.01,1.7,154,0.01,-1.77
48.04,717,0.01,1.7,154,0,-1.77
48.08,717,-0.03,1.7,154,-0.01,-1.77
48.12,717,0.01,1.7,154,0.02,-1.77
48.16,717,0.01,1.7,154,0.01,-1.77
48.2,717,-0.04,1.7,154,-0.01,-1.77
48.24,717,0.02,1.7,154,-0.01,-1.77
48.28,717,0,1.7,154,-0.02,-1.77
48.32,717,-0.01,1.7,154,0.03,-1.77
48.36,717,0.01,1.7,154,0,-1.77
48.4,717,0.01,1.7,154,0,-1.77
48.44,717,-0.03,1.7,154,0,-1.77
48.48,717,0.01,1.7,154,0.01,-1.77
48.52,717,-0.03,1.7,154,0,-1.77
48.56,717,0,1.7,154,0.01,-1.77
48.6,717,0.01,1.7,154,0.01,-1.77
48.64,717,-0.04,1.7,154,-0.02,-1.77
48.68,717,0.02,1.7,154,0.01,-1.77
48.72,717,0.02,1.7,154,0.02,-1.77
48.76,717,-0.03,1.7,154,0.01,-1.77
48.8,717,0.01,1.7,154,0.01,-1.77
48.84,717,0,1.7,154,0.01,-1.77
48.88,717,-0.03,1.7,154,-0.01,-1.77
48.92,717,0.02,1.7,154,0,-1.77
48.96,717,0.02,1.7,154,0,-1.77
49,717,-0.01,1.7,154,0.01,-1.77
49.04,717,0.02,1.7,154,0.01,-1.77
49.08,717,0,1.7,154,0,-1.77
49.12,717,-0.02,1.7,154,-0.01,-1.77
49.16,717,0,1.7,154,-0.01,-1.77
49.2,717,-0.02,1.7,154,0,-1.77
49.24,717,0.01,1.7,154,-0.01,-1.77
49.28,717,0.02,1.7,154,0.01,-1.77
49.32,717,-0.02,1.7,154,-0.02,-1.77
49.36,717,0.02,1.7,154,0.01,-1.77
49.4,717,0.02,1.7,154,0.01,-1.77
49.44,717,-0.03,1.7,154,0.01,-1.77
49.48,717,0.02,1.7,154,0.02,-1.77
49.52,717,0.02,1.7,154,0.02,-1.77
49.56,717,-0.02,1.7,154,0,-1.77
49.6,717,0.01,1.7,154,0.01,-1.77
49.64,717,0.01,1.7,154,-0.01,-1.77
49.68,717,-0.02,1.7,154,-0.01,-1.77
49.72,717,0.02,1.7,154,0,-1.77
49.76,717,-0.01,1.7,154,-0.01,-1.77
49.8,717,0,1.7,154,-0.02,-1.77
49.84,717,0.01,1.7,154,0.01,-1.77
49.88,717,-0.01,1.7,154,-0.01,-1.77
49.92,717,0.01,1.7,154,-0.01,-1.77
49.96,717,0.03,1.7,154,0,-1.77
50,717,-0.01,1.7,154,-0.01,-1.77
50.04,717,0.01,1.7,154,0.02,-1.77
50.08,717,0.02,1.7,154,-0.01,-1.77
50.12,717,-0.02,1.7,154,0.01,-1.77
50.16,717,0.02,1.7,154,0.01,-1.77
50.2,717,0.01,1.7,154,0,-1.77
50.24,717,-0.02,1.7,154,-0.02,-1.77
50.28,717,0.01,1.7,154,0.01,-1.77
50.32,717,0,1.7,154,0,-1.77
50.36,717,-0.01,1.7,154,-0.01,-1.77
50.4,717,0,1.7,154,0.02,-1.77
50.44,717,-0.02,1.7,154,0,-1.77
50.48,717,0,1.7,154,0,-1.77
50.52,717,0.01,1.7,154,0,-1.77
50.56,717,-0.02,1.7,154,0,-1.77
50.6,717,0,1.7,154,-0.02,-1.77
50.64,717,0.02,1.7,154,0.01,-1.77
50.68,717,-0.02,1.7,154,-0.02,-1.77
50.72,717,0.02,1.7,154,-0.01,-1.77
50.76,717,0.02,1.7,154,0.01,-1.77
50.8,717,-0.01,1.7,154,0,-1.77
50.84,717,0.01,1.7,154,0.01,-1.77
50.88,717,0.01,1.7,154,-0.01,-1.77
50.92,717,-0.03,1.7,154,0,-1.77
50.96,717,0.02,1.7,154,0.03,-1.77
51,717,-0.01,1.7,154,-0.01,-1.77
51.04,717,0,1.7,154,-0.01,-1.77
51.08,717,0.02,1.7,154,0.02,-1.77
51.12,717,0,1.7,154,-0.02,-1.77
51.16,717,0.01,1.7,154,0.02,-1.77
51.2,717,0.01,1.7,154,0,-1.77
51.24,717,-0.02,1.7,154,-0.01,-1.77
51.28,717,0.01,1.7,154,0.01,-1.77
51.32,717,0.02,1.7,154,0.01,-1.77
51.36,717,-0.03,1.7,154,0.01,-1.77
51.4,717,0.02,1.7,154,0,-1.77
51.44,717,0.01,1.7,154,-0.01,-1.77
51.48,717,-0.03,1.7,154,-0.02,-1.77
51.52,717,0.01,1.7,154,0,-1.77
51.56,717,0,1.7,154,-0.02,-1.77
51.6,717,-0.02,1.7,154,-0.01,-1.77
51.64,717,0.02,1.7,154,-0.01,-1.77
51.68,717,0.02,1.7,154,0,-1.77
51.72,717,0.01,1.7,154,0,-1.77
51.76,717,0.01,1.7,154,-0.01,-1.77
51.8,717,-0.02,1.7,154,-0.02,-1.77
51.84,717,0,1.7,154,0,-1.77
51.88,717,0.02,1.7,154,0.01,-1.77
51.92,717,-0.03,1.7,154,-0.01,-1.77
51.96,717,0.02,1.7,154,0,-1.77
52,717,0.01,1.7,154,0.02,-1.77
52.04,717,-0.02,1.7,154,-0.01,-1.77
52.08,717,0.02,1.7,154,0.01,-1.77
52.12,717,0.02,1.7,154,0.01,-1.77
52.16,717,-0.03,1.7,154,-0.01,-1.77
52.2,717,0.01,1.7,154,0.01,-1.77
52.24,717,-0.01,1.7,154,0,-1.77
52.28,717,0,1.7,154,0.01,-1.77
52.32,717,0.01,1.7,154,-0.02,-1.77
52.36,717,0,1.7,154,-0.01,-1.77
52.4,717,-0.02,1.7,154,-0.01,-1.77
52.44,717,0.02,1.7,154,0.01,-1.77
52.48,717,-0.02,1.7,154,-0.01,-1.77
52.52,717,0,1.7,154,0.01,-1.77
52.56,717,0.01,1.7,154,0.01,-1.77
52.6,717,-0.04,1.7,154,-0.01,-1.77
52.64,717,0.01,1.7,154,0.01,-1.77
52.68,717,0.02,1.7,154,-0.01,-1.77
52.72,717,-0.03,1.7,154,-0.01,-1.77
52.76,717,0.01,1.7,154,0.01,-1.77
52.8,717,0,1.7,154,0.01,-1.77
52.84,717,-0.02,1.7,154,0.02,-1.77
52.88,717,0.01,1.7,154,0.01,-1.77
52.92,717,0,1.7,154,0.01,-1.77
52.96,717,0.01,1.7,154,0.01,-1.77
53,717,0.01,1.7,154,0.01,-1.77
53.04,717,0,1.7,154,0,-1.77
53.08,717,-0.01,1.7,154,0.01,-1.77
53.12,717,0.01,1.7,154,0.03,-1.77
53.16,717,-0.03,1.7,154,0,-1.77
53.2,717,0.01,1.7,154,-0.01,-1.77
53.24,717,0.02,1.7,154,-0.01,-1.77
53.28,717,-0.03,1.7,154,0,-1.77
53.32,717,0.02,1.7,154,0.02,-1.77
53.36,717,0.02,1.7,154,0.01,-1.77
53.4,717,-0.03,1.7,154,-0.01,-1.77
53.44,717,0.01,1.7,154,0.01,-1.77
53.48,717,0.01,1.7,154,0.02,-1.77
53.52,717,-0.01,1.7,154,0.02,-1.77
53.56,717,0.01,1.7,154,0.01,-1.77
53.6,717,0,1.7,154,-0.01,-1.77
53.64,717,-0.01,1.7,154,0,-1.77
53.68,717,0.01,1.7,154,0.03,-1.77
53.72,717,-0.02,1.7,154,-0.02,-1.77
53.76,717,0.01,1.7,154,-0.01,-1.77
53.8,717,0.01,1.7,154,0.02,-1.77
53.84,717,-0.01,1.7,154,-0.01,-1.77
53.88,717,0.02,1.7,154,0.01,-1.77
53.92,717,0.01,1.7,154,0.01,-1.77
53.96,717,-0.04,1.7,154,0,-1.77
54,717,0.01,1.7,154,0.01,-1.77
54.04,717,-0.01,1.7,154,-0.02,-1.77
54.08,717,-0.02,1.7,154,-0.01,-1.77
54.12,717,0.02,1.7,154,0,-1.77
54.16,717,0.02,1.7,154,0.01,-1.77
54.2,717,-0.03,1.7,154,0,-1.77
54.24,717,0,1.7,154,0.02,-1.77
54.28,717,-0.01,1.7,154,0.02,-1.77
54.32,717,-0.01,1.7,154,-0.02,-1.77
54.36,717,0.02,1.7,154,0,-1.77
54.4,717,-0.02,1.7,154,0,-1.77
54.44,717,0.01,1.7,154,0,-1.77
54.48,717,0.01,1.7,154,0,-1.77
54.52,717,-0.03,1.7,154,-0.01,-1.77
54.56,717,0.01,1.7,154,0,-1.77
54.6,717,0.01,1.7,154,0.01,-1.77
54.64,717,-0.03,1.7,154,0,-1.77
54.68,717,0.01,1.7,154,0.01,-1.77
54.72,717,0.02,1.7,154,0.01,-1.77
54.76,717,0,1.7,154,0.01,-1.77
54.8,717,0.01,1.7,154,0,-1.77
54.84,717,0,1.7,154,-0.01,-1.77
54.88,717,-0.02,1.7,154,0.01,-1.77
54.92,717,0.01,1.7,154,0.01,-1.77
54.96,717,-0.02,1.7,154,0.01,-1.77
55,717,0,1.7,154,0,-1.77
55.04,717,0.01,1.7,154,0,-1.77
55.08,717,0,1.7,154,-0.02,-1.77
55.12,717,0.01,1.7,154,0,-1.77
55.16,717,0.01,1.7,154,-0.01,-1.77
55.2,717,-0.03,1.7,154,-0.01,-1.77
55.24,717,0.01,1.7,154,0,-1.77
55.28,717,0.02,1.7,154,0.01,-1.77
55.32,717,-0.02,1.7,154,0.02,-1.77
55.36,717,0.02,1.7,154,-0.02,-1.77
55.4,717,0.01,1.7,154,0,-1.77
55.44,717,-0.03,1.7,154,0,-1.77
55.48,717,0.02,1.7,154,0.02,-1.77
55.52,717,-0.01,1.7,154,0.01,-1.77
55.56,717,-0.01,1.7,154,-0.01,-1.77
55.6,717,0.02,1.7,154,0.01,-1.77
55.64,717,0,1.7,154,-0.01,-1.77
55.68,717,0.02,1.7,154,-0.01,-1.77
55.72,717,0.02,1.7,154,0,-1.77
55.76,717,-0.02,1.7,154,-0.01,-1.77
55.8,717,0,1.7,154,-0.01,-1.77
55.84,717,0.02,1.7,154,-0.01,-1.77
55.88,717,-0.03,1.7,154,0,-1.77
55.92,717,0.01,1.7,154,0.01,-1.77
55.96,717,0.01,1.7,154,-0.02,-1.77
56,717,-0.03,1.7,154,-0.01,-1.77
56.04,717,0.02,1.7,154,-0.01,-1.77
56.08,717,0,1.7,154,-0.01,-1.77
56.12,717,-0.03,1.7,154,-0.01,-1.77
56.16,717,0.01,1.7,154,-0.01,-1.77
56.2,717,-0.01,1.7,154,-0.02,-1.77
56.24,717,0,1.7,154,-0.01,-1.77
56.28,717,0.01,1.7,154,0.02,-1.77
56.32,717,-0.01,1.7,154,0.01,-1.77
56.36,717,-0.01,1.7,154,-0.01,-1.77
56.4,717,0.02,1.7,154,0.01,-1.77
56.44,717,-0.04,1.7,154,-0.02,-1.77
56.48,717,0.01,1.7,154,-0.02,-1.77
56.52,717,0.01,1.7,154,-0.01,-1.77
56.56,717,-0.02,1.7,154,0,-1.77
56.6,717,0,1.7,154,-0.01,-1.77
56.64,717,0.02,1.7,154,-0.01,-1.77
56.68,717,-0.03,1.7,154,0.01,-1.77
56.72,717,0.02,1.7,154,-0.01,-1.77
56.76,717,-0.01,1.7,154,-0.01,-1.77
56.8,717,0,1.7,154,-0.01,-1.77
56.84,717,0,1.7,154,-0.01,-1.77
56.88,717,0,1.7,154,-0.01,-1.77
56.92,717,0.01,1.7,154,0.01,-1.77
56.96,717,0.01,1.7,154,0.01,-1.77
57,717,-0.02,1.7,154,-0.01,-1.77
57.04,717,0,1.7,154,0,-1.77
57.08,717,0.02,1.7,154,0.01,-1.77
57.12,717,-0.03,1.7,154,-0.01,-1.77
57.16,717,0.01,1.7,154,0.02,-1.77
57.2,717,0.02,1.7,154,-0.01,-1.77
57.24,717,-0.03,1.7,154,-0.02,-1.77
57.28,717,0,1.7,154,0.02,-1.77
57.32,717,0,1.7,154,-0.01,-1.77
57.36,717,-0.02,1.7,154,-0.01,-1.77
57.4,717,0.02,1.7,154,0.03,-1.77
57.44,717,0.02,1.7,154,0.02,-1.77
57.48,717,0.01,1.7,154,-0.01,-1.77
57.52,717,0.02,1.7,154,0.01,-1.77
57.56,717,0,1.7,154,0,-1.77
57.6,717,0,1.7,154,0,-1.77
57.64,717,0.02,1.7,154,0.01,-1.77
57.68,717,-0.03,1.7,154,-0.02,-1.77
57.72,717,0.02,1.7,154,0.02,-1.77
57.76,717,0.02,1.7,154,0.01,-1.77
57.8,717,-0.02,1.7,154,0,-1.77
57.84,717,0.02,1.7,154,-0.02,-1.77
57.88,717,0.01,1.7,154,0.01,-1.77
57.92,717,-0.03,1.7,154,0,-1.77
57.96,717,0.01,1.7,154,0.01,-1.77
58,717,0,1.7,154,0,-1.77
58.04,717,-0.01,1.7,154,0,-1.77
58.08,717,0.02,1.7,154,0,-1.77
58.12,717,0,1.7,154,0.02,-1.77
58.16,717,-0.02,1.7,154,0.01,-1.77
58.2,717,0.01,1.7,154,0,-1.77
58.24,717,-0.03,1.7,154,-0.01,-1.77
58.28,717,0,1.7,154,0.02,-1.77
58.32,717,0.02,1.7,154,-0.01,-1.77
58.36,717,-0.03,1.7,154,0.01,-1.77
58.4,717,0.02,1.7,154,0.01,-1.77
58.44,717,0.02,1.7,154,-0.01,-1.77
58.48,717,-0.03,1.7,154,-0.01,-1.77
58.52,717,0,1.7,154,-0.01,-1.77
58.56,717,0,1.7,154,-0.01,-1.77
58.6,717,-0.02,1.7,154,-0.01,-1.77
58.64,717,0.01,1.7,154,-0.01,-1.77
58.68,717,0.01,1.7,154,-0.01,-1.77
58.72,717,0,1.7,154,0,-1.77
58.76,717,0.02,1.7,154,0.01,-1.77
58.8,717,-0.01,1.7,154,-0.02,-1.77
58.84,717,-0.01,1.7,154,0,-1.77
58.88,717,0.01,1.7,154,0,-1.77
58.92,717,-0.04,1.7,154,0,-1.77
58.96,717,0.01,1.7,154,0.01,-1.77
59,717,0.02,1.7,154,-0.01,-1.77
59.04,717,-0.01,1.7,154,-0.01,-1.77
59.08,717,0.01,1.7,154,-0.01,-1.77
59.12,717,0.02,1.7,154,-0.01,-1.77
59.16,717,-0.03,1.7,154,0,-1.77
59.2,717,0.02,1.7,154,0.02,-1.77
59.24,717,0.01,1.7,154,0.01,-1.77
59.28,717,-0.01,1.7,154,-0.01,-1.77
59.32,717,0.02,1.7,154,-0.01,-1.77
59.36,717,0,1.7,154,-0.01,-1.77
59.4,717,-0.02,1.7,154,-0.01,-1.77
59.44,717,0.02,1.7,154,0.01,-1.77
59.48,717,-0.02,1.7,154,0.01,-1.77
59.52,717,0,1.7,154,0.01,-1.77
59.56,717,0.02,1.7,154,0.02,-1.77
59.6,717,-0.02,1.7,154,0.01,-1.77
59.64,717,0.01,1.7,154,-0.01,-1.77
59.68,717,0.02,1.7,154,-0.01,-1.77
59.72,717,-0.03,1.7,154,-0.01,-1.77
59.76,717,0.02,1.7,154,0.01,-1.77
59.8,717,0.01,1.7,154,-0.01,-1.77
59.84,717,-0.02,1.7,154,0.01,-1.77
59.88,717,0.01,1.7,154,0.01,-1.77
59.92,717,0.01,1.7,154,-0.02,-1.77
59.96,717,-0.02,1.7,154,-0.01,-1.77
60,717,0.02,1.7,154,0.01,-1.77
60.04,717,-0.02,1.7,154,0,-1.77
60.08,717,0,1.7,154,0.01,-1.77
60.12,717,0.02,1.7,154,0,-1.77
60.16,717,-0.03,1.7,154,0.01,-1.77
60.2,717,0.01,1.7,154,0.02,-1.77
60.24,717,0.01,1.7,154,-0.02,-1.77
60.28,717,-0.03,1.7,154,0.01,-1.77
60.32,717,0.01,1.7,154,0.02,-1.77
60.36,717,0.02,1.7,154,0.01,-1.77
60.4,717,-0.03,1.7,154,-0.02,-1.77
60.44,717,0.02,1.7,154,0.01,-1.77
60.48,717,0.02,1.7,154,0.01,-1.77
60.52,717,-0.01,1.7,154,-0.01,-1.77
60.56,717,0.02,1.7,154,0.01,-1.77
60.6,717,0,1.7,154,-0.01,-1.77
60.64,717,-0.02,1.7,154,0.01,-1.77
60.68,717,0.01,1.7,154,-0.01,-1.77
60.72,717,-0.02,1.7,154,-0.01,-1.77
60.76,717,0.01,1.7,154,0.01,-1.77
60.8,717,0.01,1.7,154,0.01,-1.77
60.84,717,-0.01,1.7,154,-0.02,-1.77
60.88,717,0.02,1.7,154,-0.01,-1.77
60.92,717,0.02,1.7,154,-0.01,-1.77
60.96,717,-0.03,1.7,154,-0.01,-1.77
61,717,0.01,1.7,154,0,-1.77
61.04,717,0.02,1.7,154,0,-1.77
61.08,717,-0.02,1.7,154,-0.01,-1.77
61.12,717,0.02,1.7,154,0.01,-1.77
61.16,717,0.02,1.7,154,-0.01,-1.77
61.2,717,-0.02,1.7,154,0,-1.77
61.24,717,0.01,1.7,154,0.01,-1.77
61.28,717,-0.02,1.7,154,-0.02,-1.77
61.32,717,-0.01,1.7,154,0,-1.77
61.36,717,0.01,1.7,154,0,-1.77
61.4,717,0,1.7,154,0,-1.77
61.44,717,0.02,1.7,154,0.02,-1.77
61.48,717,0.02,1.7,154,0.01,-1.77
61.52,717,-0.02,1.7,154,0,-1.77
61.56,717,0,1.7,154,-0.01,-1.77
61.6,717,0.01,1.7,154,-0.01,-1.77
61.64,717,-0.04,1.7,154,-0.01,-1.77
61.68,717,0.01,1.7,154,-0.01,-1.77
61.72,717,0.02,1.7,154,0.01,-1.77
61.76,717,-0.03,1.7,154,0,-1.77
61.8,717,0.02,1.7,154,-0.01,-1.77
61.84,717,0,1.7,154,0.01,-1.77
61.88,717,-0.02,1.7,154,0,-1.77
61.92,717,0.01,1.7,154,-0.02,-1.77
61.96,717,-0.02,1.7,154,0,-1.77
62,717,0,1.7,154,-0.01,-1.77
62.04,717,0.02,1.7,154,0.01,-1.77
62.08,717,-0.02,1.7,154,-0.01,-1.77
62.12,717,0,1.7,154,-0.01,-1.77
62.16,717,0.02,1.7,154,0.02,-1.77
62.2,717,-0.03,1.7,154,-0.01,-1.77
62.24,717,0.02,1.7,154,0.01,-1.77
62.28,717,0.01,1.7,154,-0.01,-1.77
62.32,717,-0.02,1.7,154,-0.01,-1.77
62.36,717,0.02,1.7,154,0.02,-1.77
62.4,717,0.01,1.7,154,0,-1.77
62.44,717,-0.03,1.7,154,-0.01,-1.77
62.48,717,0.01,1.7,154,0.01,-1.77
62.52,717,-0.01,1.7,154,-0.01,-1.77
62.56,717,-0.01,1.7,154,0.01,-1.77
62.6,717,0.01,1.7,154,0.01,-1.77
62.64,717,0,1.7,154,-0.01,-1.77
62.68,717,0.01,1.7,154,0.01,-1.77
62.72,717,0.02,1.7,154,-0.02,-1.77
62.76,717,-0.02,1.7,154,0.02,-1.77
62.8,717,0,1.7,154,0,-1.77
62.84,717,0.02,1.7,154,0,-1.77
62.88,717,-0.03,1.7,154,0.01,-1.77
62.92,717,0.01,1.7,154,0,-1.77
62.96,717,0.02,1.7,154,0.02,-1.77
63,717,-0.04,1.7,154,-0.02,-1.77
63.04,717,0.02,1.7,154,0.01,-1.77
63.08,717,0,1.7,154,-0.02,-1.77
63.12,717,-0.02,1.7,154,0.01,-1.77
63.16,717,0.01,1.7,154,0,-1.77
63.2,717,0.01,1.7,154,0,-1.77
63.24,0,0,0,0,0,0
63.28,0,0,0,0,0,0
63.32,0,0,0,0,0,0
63.36,0,0,0,0,0,0
63.4,0,0,0,0,0,0
63.44,0,0,0,0,0,0
63.48,0,0,0,0,0,0
63.52,0,0,0,0,0,0
63.56,0,0,0,0,0,0
63.6,0,0,0,0,0,0
63.64,0,0,0,0,0,0
63.68,0,0,0,0,0,0
63.72,0,0,0,0,0,0
63.76,0,0,0,0,0,0
63.8,0,0,0,0,0,0
63.84,0,0,0,0,0,0
63.88,0,0,0,0,0,0
63.92,0,0,0,0,0,0
63.96,0,0,0,0,0,0
64,0,0,0,0,0,0
64.04,0,0,0,0,0,0
64.08,0,0,0,0,0,0
64.12,0,0,0,0,0,0
64.16,0,0,0,0,0,0
64.2,0,0,0,0,0,0
64.24,0,0,0,0,0,0
64.28,0,0,0,0,0,0
64.32,0,0,0,0,0,0
64.36,0,0,0,0,0,0
64.4,0,0,0,0,0,0
64.44,0,0,0,0,0,0
64.48,0,0,0,0,0,0
64.52,0,0,0,0,0,0
64.56,0,0,0,0,0,0
64.6,0,0,0,0,0,0
64.64,0,0,0,0,0,0
64.68,0,0,0,0,0,0
64.72,0,0,0,0,0,0
64.76,0,0,0,0,0,0
64.8,0,0,0,0,0,0
64.84,0,0,0,0,0,0
64.88,0,0,0,0,0,0
64.92,0,0,0,0,0,0
64.96,0,0,0,0,0,0
65,0,0,0,0,0,0
65.04,0,0,0,0,0,0
65.08,0,0,0,0,0,0
65.12,0,0,0,0,0,0
65.16,0,0,0,0,0,0
65.2,0,0,0,0,0,0
65.24,0,0,0,0,0,0
65.28,0,0,0,0,0,0
65.32,0,0,0,0,0,0
65.36,0,0,0,0,0,0
65.4,0,0,0,0,0,0
65.44,0,0,0,0,0,0
65.48,0,0,0,0,0,0
65.52,0,0,0,0,0,0
65.56,0,0,0,0,0,0
65.6,0,0,0,0,0,0
65.64,0,0,0,0,0,0
65.68,0,0,0,0,0,0
65.72,0,0,0,0,0,0
65.76,0,0,0,0,0,0
65.8,0,0,0,0,0,0
65.84,0,0,0,0,0,0
65.88,0,0,0,0,0,0
65.92,0,0,0,0,0,0
65.96,0,0,0,0,0,0
66,0,0,0,0,0,0
66.04,0,0,0,0,0,0
66.08,0,0,0,0,0,0
66.12,0,0,0,0,0,0
66.16,0,0,0,0,0,0
66.2,0,0,0,0,0,0
66.24,0,0,0,0,0,0
66.28,0,0,0,0,0,0
66.32,0,0,0,0,0,0
66.36,0,0,0,0,0,0
66.4,0,0,0,0,0,0
66.44,0,0,0,0,0,0
66.48,0,0,0,0,0,0
66.52,0,0,0,0,0,0
66.56,0,0,0,0,0,0
66.6,0,0,0,0,0,0
66.64,0,0,0,0,0,0
66.68,0,0,0,0,0,0
66.72,0,0,0,0,0,0
66.76,0,0,0,0,0,0
66.8,0,0,0,0,0,0
66.84,0,0,0,0,0,0
66.88,0,0,0,0,0,0
66.92,0,0,0,0,0,0
66.96,0,0,0,0,0,0
67,0,0,0,0,0,0
67.04,0,0,0,0,0,0
67.08,0,0,0,0,0,0
67.12,0,0,0,0,0,0
67.16,0,0,0,0,0,0
67.2,0,0,0,0,0,0
67.24,0,0,0,0,0,0
67.28,0,0,0,0,0,0
67.32,0,0,0,0,0,0
67.36,0,0,0,0,0,0
67.4,0,0,0,0,0,0
67.44,0,0,0,0,0,0
67.48,0,0,0,0,0,0
67.52,0,0,0,0,0,0
67.56,0,0,0,0,0,0
67.6,0,0,0,0,0,0
67.64,0,0,0,0,0,0
67.68,0,0,0,0,0,0
67.72,0,0,0,0,0,0
67.76,0,0,0,0,0,0
67.8,0,0,0,0,0,0
67.84,0,0,0,0,0,0
67.88,0,0,0,0,0,0
67.92,0,0,0,0,0,0
67.96,0,0,0,0,0,0
68,0,0,0,0,0,0
68.04,0,0,0,0,0,0
68.08,0,0,0,0,0,0
68.12,0,0,0,0,0,0
68.16,0,0,0,0,0,0
68.2,0,0,0,0,0,0
68.24,0,0,0,0,0,0
68.28,0,0,0,0,0,0
68.32,0,0,0,0,0,0
68.36,0,0,0,0,0,0
68.4,0,0,0,0,0,0
68.44,0,0,0,0,0,0
68.48,0,0,0,0,0,0
68.52,0,0,0,0,0,0
68.56,0,0,0,0,0,0
68.6,0,0,0,0,0,0
68.64,0,0,0,0,0,0
68.68,0,0,0,0,0,0
68.72,0,0,0,0,0,0
68.76,0,0,0,0,0,0
68.8,0,0,0,0,0,0
68.84,0,0,0,0,0,0
68.88,0,0,0,0,0,0
68.92,0,0,0,0,0,0
68.96,0,0,0,0,0,0
69,0,0,0,0,0,0
69.04,0,0,0,0,0,0
69.08,0,0,0,0,0,0
69.12,0,0,0,0,0,0
69.16,0,0,0,0,0,0
69.2,0,0,0,0,0,0
69.24,0,0,0,0,0,0
69.28,0,0,0,0,0,0
69.32,0,0,0,0,0,0
69.36,0,0,0,0,0,0
69.4,0,0,0,0,0,0
69.44,0,0,0,0,0,0
69.48,0,0,0,0,0,0
69.52,0,0,0,0,0,0
69.56,0,0,0,0,0,0
69.6,0,0,0,0,0,0
69.64,0,0,0,0,0,0
69.68,0,0,0,0,0,0
69.72,0,0,0,0,0,0
69.76,0,0,0,0,0,0
69.8,0,0,0,0,0,0
69.84,0,0,0,0,0,0
69.88,0,0,0,0,0,0
69.92,0,0,0,0,0,0
69.96,0,0,0,0,0,0
70,0,0,0,0,0,0
70.04,0,0,0,0,0,0
70.08,0,0,0,0,0,0
70.12,0,0,0,0,0,0
70.16,0,0,0,0,0,0
70.2,0,0,0,0,0,0
70.24,0,0,0,0,0,0
70.28,0,0,0,0,0,0
70.32,0,0,0,0,0,0
70.36,0,0,0,0,0,0
70.4,0,0,0,0,0,0
70.44,0,0,0,0,0,0
70.48,0,0,0,0,0,0
70.52,0,0,0,0,0,0
70.56,0,0,0,0,0,0
70.6,0,0,0,0,0,0
70.64,0,0,0,0,0,0
70.68,0,0,0,0,0,0
70.72,0,0,0,0,0,0
70.76,0,0,0,0,0,0
70.8,0,0,0,0,0,0
70.84,0,0,0,0,0,0
70.88,0,0,0,0,0,0
70.92,0,0,0,0,0,0
70.96,0,0,0,0,0,0
71,0,0,0,0,0,0
71.04,0,0,0,0,0,0
71.08,0,0,0,0,0,0
71.12,0,0,0,0,0,0
71.16,0,0,0,0,0,0
71.2,0,0,0,0,0,0
71.24,0,0,0,0,0,0
71.28,0,0,0,0,0,0
71.32,0,0,0,0,0,0
71.36,0,0,0,0,0,0
71.4,0,0,0,0,0,0
71.44,0,0,0,0,0,0
71.48,0,0,0,0,0,0
71.52,0,0,0,0,0,0
71.56,0,0,0,0,0,0
71.6,0,0,0,0,0,0
71.64,0,0,0,0,0,0
71.68,0,0,0,0,0,0
71.72,0,0,0,0,0,0
71.76,0,0,0,0,0,0
71.8,0,0,0,0,0,0
71.84,0,0,0,0,0,0
71.88,0,0,0,0,0,0
71.92,0,0,0,0,0,0
71.96,0,0,0,0,0,0
72,0,0,0,0,0,0
72.04,0,0,0,0,0,0
72.08,0,0,0,0,0,0
72.12,0,0,0,0,0,0
72.16,0,0,0,0,0,0
72.2,0,0,0,0,0,0
72.24,0,0,0,0,0,0
72.28,0,0,0,0,0,0
72.32,0,0,0,0,0,0
72.36,0,0,0,0,0,0
72.4,0,0,0,0,0,0
72.44,0,0,0,0,0,0
72.48,0,0,0,0,0,0
72.52,0,0,0,0,0,0
72.56,0,0,0,0,0,0
72.6,0,0,0,0,0,0
72.64,0,0,0,0,0,0
72.68,0,0,0,0,0,0
72.72,0,0,0,0,0,0
72.76,0,0,0,0,0,0
72.8,0,0,0,0,0,0
72.84,0,0,0,0,0,0
72.88,0,0,0,0,0,0
72.92,0,0,0,0,0,0
72.96,0,0,0,0,0,0
73,0,0,0,0,0,0
73.04,0,0,0,0,0,0
73.08,0,0,0,0,0,0
73.12,0,0,0,0,0,0
73.16,0,0,0,0,0,0
73.2,0,0,0,0,0,0
73.24,0,0,0,0,0,0
73.28,0,0,0,0,0,0
73.32,0,0,0,0,0,0
73.36,0,0,0,0,0,0
73.4,0,0,0,0,0,0
73.44,0,0,0,0,0,0
73.48,0,0,0,0,0,0
73.52,0,0,0,0,0,0
73.56,0,0,0,0,0,0
73.6,0,0,0,0,0,0
73.64,0,0,0,0,0,0
73.68,0,0,0,0,0,0
73.72,0,0,0,0,0,0
73.76,0,0,0,0,0,0
73.8,0,0,0,0,0,0
73.84,0,0,0,0,0,0
73.88,0,0,0,0,0,0
73.92,0,0,0,0,0,0
73.96,0,0,0,0,0,0
74,0,0,0,0,0,0
74.04,0,0,0,0,0,0
74.08,0,0,0,0,0,0
74.12,0,0,0,0,0,0
74.16,0,0,0,0,0,0
74.2,0,0,0,0,0,0
74.24,0,0,0,0,0,0
74.28,0,0,0,0,0,0
74.32,0,0,0,0,0,0
74.36,0,0,0,0,0,0
74.4,0,0,0,0,0,0
74.44,0,0,0,0,0,0
74.48,0,0,0,0,0,0
74.52,0,0,0,0,0,0
74.56,0,0,0,0,0,0
74.6,0,0,0,0,0,0
74.64,0,0,0,0,0,0
74.68,0,0,0,0,0,0
74.72,0,0,0,0,0,0
74.76,0,0,0,0,0,0
74.8,0,0,0,0,0,0
74.84,0,0,0,0,0,0
74.88,0,0,0,0,0,0
74.92,0,0,0,0,0,0
74.96,0,0,0,0,0,0
75,0,0,0,0,0,0
75.04,0,0,0,0,0,0
75.08,0,0,0,0,0,0
75.12,0,0,0,0,0,0
75.16,0,0,0,0,0,0
75.2,0,0,0,0,0,0
75.24,0,0,0,0,0,0
75.28,0,0,0,0,0,0
75.32,0,0,0,0,0,0
75.36,0,0,0,0,0,0
75.4,0,0,0,0,0,0
75.44,0,0,0,0,0,0
75.48,0,0,0,0,0,0
75.52,0,0,0,0,0,0
75.56,0,0,0,0,0,0
75.6,0,0,0,0,0,0
75.64,0,0,0,0,0,0
75.68,0,0,0,0,0,0
75.72,0,0,0,0,0,0
75.76,0,0,0,0,0,0
75.8,0,0,0,0,0,0
75.84,0,0,0,0,0,0
75.88,0,0,0,0,0,0
75.92,0,0,0,0,0,0
75.96,0,0,0,0,0,0
76,0,0,0,0,0,0
76.04,0,0,0,0,0,0
76.08,0,0,0,0,0,0
76.12,0,0,0,0,0,0
76.16,0,0,0,0,0,0
76.2,0,0,0,0,0,0
76.24,0,0,0,0,0,0
76.28,0,0,0,0,0,0
76.32,0,0,0,0,0,0
76.36,0,0,0,0,0,0
76.4,0,0,0,0,0,0
76.44,0,0,0,0,0,0
76.48,0,0,0,0,0,0
76.52,0,0,0,0,0,0
76.56,0,0,0,0,0,0
76.6,0,0,0,0,0,0
76.64,0,0,0,0,0,0
76.68,0,0,0,0,0,0
76.72,0,0,0,0,0,0
76.76,0,0,0,0,0,0
76.8,0,0,0,0,0,0
76.84,0,0,0,0,0,0
76.88,0,0,0,0,0,0
76.92,0,0,0,0,0,0
76.96,0,0,0,0,0,0
77,0,0,0,0,0,0
77.04,0,0,0,0,0,0
77.08,0,0,0,0,0,0
77.12,0,0,0,0,0,0
77.16,0,0,0,0,0,0
77.2,0,0,0,0,0,0
77.24,0,0,0,0,0,0
77.28,0,0,0,0,0,0
77.32,0,0,0,0,0,0
77.36,0,0,0,0,0,0
77.4,0,0,0,0,0,0
77.44,0,0,0,0,0,0
77.48,0,0,0,0,0,0
77.52,0,0,0,0,0,0
77.56,0,0,0,0,0,0
77.6,0,0,0,0,0,0
77.64,0,0,0,0,0,0
77.68,0,0,0,0,0,0
77.72,0,0,0,0,0,0
77.76,0,0,0,0,0,0
77.8,0,0,0,0,0,0
77.84,0,0,0,0,0,0
77.88,0,0,0,0,0,0
77.92,0,0,0,0,0,0
77.96,0,0,0,0,0,0
78,0,0,0,0,0,0
78.04,0,0,0,0,0,0
78.08,0,0,0,0,0,0
78.12,0,0,0,0,0,0
78.16,0,0,0,0,0,0
78.2,0,0,0,0,0,0
78.24,0,0,0,0,0,0
78.28,0,0,0,0,0,0
78.32,0,0,0,0,0,0
78.36,0,0,0,0,0,0
78.4,0,0,0,0,0,0
78.44,0,0,0,0,0,0
78.48,0,0,0,0,0,0
78.52,0,0,0,0,0,0
78.56,0,0,0,0,0,0
78.6,0,0,0,0,0,0
78.64,0,0,0,0,0,0
78.68,0,0,0,0,0,0
78.72,0,0,0,0,0,0
78.76,0,0,0,0,0,0
78.8,0,0,0,0,0,0
78.84,0,0,0,0,0,0
78.88,0,0,0,0,0,0
78.92,0,0,0,0,0,0
78.96,0,0,0,0,0,0
79,0,0,0,0,0,0
79.04,0,0,0,0,0,0
79.08,0,0,0,0,0,0
79.12,0,0,0,0,0,0
79.16,0,0,0,0,0,0
79.2,0,0,0,0,0,0
79.24,0,0,0,0,0,0
79.28,0,0,0,0,0,0
79.32,0,0,0,0,0,0
79.36,0,0,0,0,0,0
79.4,0,0,0,0,0,0
79.44,0,0,0,0,0,0
79.48,0,0,0,0,0,0
79.52,0,0,0,0,0,0
79.56,0,0,0,0,0,0
79.6,0,0,0,0,0,0
79.64,0,0,0,0,0,0
79.68,0,0,0,0,0,0
79.72,0,0,0,0,0,0
79.76,0,0,0,0,0,0
79.8,0,0,0,0,0,0
79.84,0,0,0,0,0,0
79.88,0,0,0,0,0,0
79.92,0,0,0,0,0,0
79.96,0,0,0,0,0,0
